wkr,wkr_name,land,party,partei,winner,probability,value,low,high,value_l1,zs_value_l1,incumbent_party,zs_valid_l1,valid_l1
1,Flensburg – Schleswig,SH,afd,AfD,FALSE,0,10.1,8.4,11.6,0.0546997060058799,0.0577578726382085,0,178625,178575
1,Flensburg – Schleswig,SH,oth,And.,FALSE,0,11.6,10.6,12.6,0.10687386252275,0.147879636109167,0,178625,178575
1,Flensburg – Schleswig,SH,cdu,CDU/CSU,TRUE,86,27.9,25.1,30.7,0.233632927341453,0.203896431070679,0,178625,178575
1,Flensburg – Schleswig,SH,fdp,FDP,FALSE,0,3.5,2.7,4.2,0.0688730225395492,0.107426172148355,0,178625,178575
1,Flensburg – Schleswig,SH,gru,Grüne,FALSE,11,22.3,20.1,24.4,0.281287974240515,0.186424072778167,1,178625,178575
1,Flensburg – Schleswig,SH,spd,SPD,FALSE,3,19.2,17,21.3,0.217986840263195,0.254768369489153,0,178625,178575
2,Nordfriesland – Dithmarschen Nord,SH,afd,AfD,FALSE,0,10.8,9,12.4,0.0574383894481083,0.0610357626001596,0,144145,144050
2,Nordfriesland – Dithmarschen Nord,SH,oth,And.,FALSE,0,8.7,7.9,9.6,0.0928566469975703,0.114710881404142,0,144145,144050
2,Nordfriesland – Dithmarschen Nord,SH,cdu,CDU/CSU,TRUE,98,35.3,32.2,38.3,0.303679278028462,0.246356099760658,1,144145,144050
2,Nordfriesland – Dithmarschen Nord,SH,fdp,FDP,FALSE,0,4.9,3.9,5.8,0.0968969107948629,0.127302369142183,0,144145,144050
2,Nordfriesland – Dithmarschen Nord,SH,gru,Grüne,FALSE,0,15.3,13.2,17.2,0.143082263103089,0.15670331957404,0,144145,144050
2,Nordfriesland – Dithmarschen Nord,SH,spd,SPD,FALSE,1,21.4,19.1,23.6,0.277861853523082,0.263110062784002,0,144145,144050
3,Steinburg – Dithmarschen Süd,SH,afd,AfD,FALSE,0,15.3,13,17.4,0.0772632982664098,0.0836583795306012,0,135109,134980
3,Steinburg – Dithmarschen Süd,SH,oth,And.,FALSE,0,4.9,4.2,5.5,0.0400133353089347,0.0832142936443908,0,135109,134980
3,Steinburg – Dithmarschen Süd,SH,cdu,CDU/CSU,TRUE,97,34,30.9,37,0.292124759223589,0.243077811248695,1,135109,134980
3,Steinburg – Dithmarschen Süd,SH,fdp,FDP,FALSE,0,6.4,5.4,7.3,0.143095273373833,0.136867270130043,0,135109,134980
3,Steinburg – Dithmarschen Süd,SH,gru,Grüne,FALSE,0,13.2,11.4,15,0.12361831382427001,0.142381336550489,0,135109,134980
3,Steinburg – Dithmarschen Süd,SH,spd,SPD,FALSE,3,22.3,19.9,24.5,0.291739516965476,0.277316833075517,0,135109,134980
4,Rendsburg-Eckernförde,SH,afd,AfD,FALSE,0,11.7,9.8,13.4,0.0634920634920635,0.0656332515299307,0,160955,160650
4,Rendsburg-Eckernförde,SH,oth,And.,FALSE,0,6.8,6,7.5,0.0755493308434485,0.095759684383834,0,160955,160650
4,Rendsburg-Eckernförde,SH,cdu,CDU/CSU,TRUE,96,33.5,30.5,36.6,0.296844070961718,0.239302910751452,0,160955,160650
4,Rendsburg-Eckernförde,SH,fdp,FDP,FALSE,0,4.2,3.3,4.9,0.0803174603174603,0.120045975583238,0,160955,160650
4,Rendsburg-Eckernförde,SH,gru,Grüne,FALSE,0,17.2,15,19.3,0.148347338935574,0.179105961293529,0,160955,160650
4,Rendsburg-Eckernförde,SH,spd,SPD,FALSE,3,22.9,20.7,25.1,0.307961406784936,0.268074927774844,1,160955,160650
5,Kiel,SH,afd,AfD,FALSE,0,8.2,6.7,9.6,0.0461644791236048,0.0493589908943173,0,155068,154816
5,Kiel,SH,oth,And.,FALSE,0,6.1,5.4,6.9,0.072938197602315,0.0872326979131736,0,155068,154816
5,Kiel,SH,cdu,CDU/CSU,FALSE,3,20.8,18.3,23.1,0.183546920214965,0.154254907524441,0,155068,154816
5,Kiel,SH,fdp,FDP,FALSE,0,3.5,2.7,4.2,0.0739264675485738,0.10388990636366,0,155068,154816
5,Kiel,SH,gru,Grüne,TRUE,91,30.2,27.1,33,0.281185407193055,0.284320427167436,0,155068,154816
5,Kiel,SH,spd,SPD,FALSE,6,22.3,20,24.5,0.295247261264986,0.260131039285991,1,155068,154816
6,Plön – Neumünster,SH,afd,AfD,FALSE,0,13.4,11.3,15.3,0.0712629393310195,0.073502003365352,0,132527,131962
6,Plön – Neumünster,SH,oth,And.,FALSE,0,5.1,4.4,5.8,0.0554174686652218,0.0803006179872781,0,132527,131962
6,Plön – Neumünster,SH,cdu,CDU/CSU,TRUE,91,31.8,28.7,34.8,0.279398614752732,0.228557199664974,0,132527,131962
6,Plön – Neumünster,SH,fdp,FDP,FALSE,0,4.5,3.7,5.3,0.0941180036677225,0.119983097783848,0,132527,131962
6,Plön – Neumünster,SH,gru,Grüne,FALSE,0,17,14.8,19,0.157166457010351,0.17393436809103,0,132527,131962
6,Plön – Neumünster,SH,spd,SPD,FALSE,8,24.5,22.1,26.8,0.314461738985466,0.291789597591434,1,132527,131962
7,Pinneberg,SH,afd,AfD,FALSE,0,12.4,10.4,14.3,0.0638768026348326,0.0687444158301361,0,190270,190069
7,Pinneberg,SH,oth,And.,FALSE,0,4.3,3.7,5,0.0547958899136629,0.068970410469333,0,190270,190069
7,Pinneberg,SH,cdu,CDU/CSU,TRUE,87,30.8,27.8,33.8,0.261536599866364,0.221038524202449,0,190270,190069
7,Pinneberg,SH,fdp,FDP,FALSE,0,5.5,4.5,6.4,0.109102483834818,0.134876754086298,0,190270,190069
7,Pinneberg,SH,gru,Grüne,FALSE,1,18.1,15.8,20.2,0.168933387348805,0.180222841225627,0,190270,190069
7,Pinneberg,SH,spd,SPD,FALSE,12,24.8,22.4,27.1,0.311981438319768,0.292705103274294,1,190270,190069
8,Segeberg – Stormarn-Mitte,SH,afd,AfD,FALSE,0,13.5,11.3,15.4,0.0709384694671531,0.0732706226515018,0,198265,197918
8,Segeberg – Stormarn-Mitte,SH,oth,And.,FALSE,0,5,4.3,5.7,0.0573874028638123,0.0771240511436714,0,198265,197918
8,Segeberg – Stormarn-Mitte,SH,cdu,CDU/CSU,TRUE,91,31.5,28.5,34.4,0.279231803069958,0.223362671172421,0,198265,197918
8,Segeberg – Stormarn-Mitte,SH,fdp,FDP,FALSE,0,5.5,4.5,6.4,0.103957194393638,0.139585907749729,0,198265,197918
8,Segeberg – Stormarn-Mitte,SH,gru,Grüne,FALSE,0,16.1,14,18.1,0.136970866722582,0.168264696239881,0,198265,197918
8,Segeberg – Stormarn-Mitte,SH,spd,SPD,FALSE,9,24.6,22.2,26.8,0.320178053537324,0.285769046478198,1,198265,197918
9,Ostholstein – Stormarn-Nord,SH,afd,AfD,FALSE,0,12.8,10.8,14.7,0.0680367583273974,0.0709536086105124,0,141966,141791
9,Ostholstein – Stormarn-Nord,SH,oth,And.,FALSE,0,3.6,3,4.2,0.0325408523813218,0.0667272445515123,0,141966,141791
9,Ostholstein – Stormarn-Nord,SH,cdu,CDU/CSU,TRUE,94,35,31.8,38.2,0.303199779957825,0.250510685657129,0,141966,141791
9,Ostholstein – Stormarn-Nord,SH,fdp,FDP,FALSE,0,4.8,3.8,5.6,0.093722450649195,0.126692306608625,0,141966,141791
9,Ostholstein – Stormarn-Nord,SH,gru,Grüne,FALSE,0,15,12.9,16.9,0.134176358160955,0.157178479354212,0,141966,141791
9,Ostholstein – Stormarn-Nord,SH,spd,SPD,FALSE,6,25.6,23.1,28,0.336509369424011,0.299508332981136,1,141966,141791
10,Herzogtum Lauenburg – Stormarn-Süd,SH,afd,AfD,FALSE,0,13.7,11.6,15.7,0.0719460187275697,0.0750663387648463,0,195587,195327
10,Herzogtum Lauenburg – Stormarn-Süd,SH,oth,And.,FALSE,0,3.8,3.2,4.4,0.0468035653033119,0.0643907826184767,0,195587,195327
10,Herzogtum Lauenburg – Stormarn-Süd,SH,cdu,CDU/CSU,TRUE,92,31.9,28.9,35,0.265564924460008,0.231937705471223,0,195587,195327
10,Herzogtum Lauenburg – Stormarn-Süd,SH,fdp,FDP,FALSE,0,5.6,4.6,6.5,0.105208189344023,0.141752774979932,0,195587,195327
10,Herzogtum Lauenburg – Stormarn-Süd,SH,gru,Grüne,FALSE,0,16.9,14.8,18.9,0.173805976644294,0.166038642650074,0,195587,195327
10,Herzogtum Lauenburg – Stormarn-Süd,SH,spd,SPD,FALSE,8,24.3,21.9,26.6,0.310213129777245,0.288475205407312,1,195587,195327
11,Lübeck,SH,afd,AfD,FALSE,0,12.2,10.2,14,0.0657401347449471,0.0677764383393352,0,130237,129875
11,Lübeck,SH,oth,And.,FALSE,0,4.5,3.9,5.2,0.0539518768046198,0.0724678854703349,0,130237,129875
11,Lübeck,SH,cdu,CDU/CSU,FALSE,31,24.8,22.1,27.4,0.217640038498556,0.181423097890768,0,130237,129875
11,Lübeck,SH,fdp,FDP,FALSE,0,3.5,2.8,4.3,0.0746871992300289,0.104624645837972,0,130237,129875
11,Lübeck,SH,gru,Grüne,FALSE,15,23,20.4,25.5,0.214121270452358,0.224429309643189,0,130237,129875
11,Lübeck,SH,spd,SPD,TRUE,54,26.2,23.7,28.6,0.34121270452358,0.304859602109999,1,130237,129875
12,Schwerin – Ludwigslust-Parchim I – Nordwestmecklenburg I,MV,afd,AfD,TRUE,80,27.4,24.1,30.5,0.165310400499974,0.156879406861569,0,154163,153608
12,Schwerin – Ludwigslust-Parchim I – Nordwestmecklenburg I,MV,oth,And.,FALSE,0,4.5,3.9,5.1,0.0620800999947919,0.0782224009652121,0,154163,153608
12,Schwerin – Ludwigslust-Parchim I – Nordwestmecklenburg I,MV,cdu,CDU/CSU,FALSE,6,20.2,17.6,22.6,0.206721004114369,0.171137043259407,0,154163,153608
12,Schwerin – Ludwigslust-Parchim I – Nordwestmecklenburg I,MV,fdp,FDP,FALSE,0,2.6,2,3.2,0.076617103275871,0.0858960969882527,0,154163,153608
12,Schwerin – Ludwigslust-Parchim I – Nordwestmecklenburg I,MV,gru,Grüne,FALSE,0,5.9,4.8,6.9,0.0785180459351075,0.0805575916400174,0,154163,153608
12,Schwerin – Ludwigslust-Parchim I – Nordwestmecklenburg I,MV,spd,SPD,FALSE,14,22.3,19.7,24.7,0.294183896672048,0.319603277050914,1,154163,153608
13,Ludwigslust-Parchim II – Nordwestmecklenburg II – Landkreis Rostock I,MV,afd,AfD,TRUE,85,29.6,26.1,33,0.171889535287339,0.17121662132904,0,144104,144046
13,Ludwigslust-Parchim II – Nordwestmecklenburg II – Landkreis Rostock I,MV,oth,And.,FALSE,0,4,3.4,4.6,0.0439234688918818,0.0777216454782657,0,144104,144046
13,Ludwigslust-Parchim II – Nordwestmecklenburg II – Landkreis Rostock I,MV,cdu,CDU/CSU,FALSE,2,19.4,16.9,21.9,0.181941879677325,0.170855770832177,0,144104,144046
13,Ludwigslust-Parchim II – Nordwestmecklenburg II – Landkreis Rostock I,MV,fdp,FDP,FALSE,0,2.4,1.8,2.9,0.0716576649125974,0.0807611169710764,0,144104,144046
13,Ludwigslust-Parchim II – Nordwestmecklenburg II – Landkreis Rostock I,MV,gru,Grüne,FALSE,0,4.6,3.7,5.5,0.0566693972758702,0.0704144229167823,0,144104,144046
13,Ludwigslust-Parchim II – Nordwestmecklenburg II – Landkreis Rostock I,MV,spd,SPD,FALSE,13,23.9,21.2,26.3,0.352220818349694,0.32508466107811,1,144104,144046
14,Rostock – Landkreis Rostock II,MV,afd,AfD,TRUE,57,21.6,18.7,24.4,0.121967977424698,0.126754081864312,0,162977,163010
14,Rostock – Landkreis Rostock II,MV,oth,And.,FALSE,0,5.7,5,6.4,0.0798171891295013,0.0899022561465728,0,162977,163010
14,Rostock – Landkreis Rostock II,MV,cdu,CDU/CSU,FALSE,5,16.5,14.3,18.6,0.169756456659101,0.141756198727428,0,162977,163010
14,Rostock – Landkreis Rostock II,MV,fdp,FDP,FALSE,0,2.8,2.1,3.3,0.0750996871357585,0.0911294231701406,0,162977,163010
14,Rostock – Landkreis Rostock II,MV,gru,Grüne,FALSE,0,10.1,8.5,11.6,0.101564321207288,0.12849052320266,0,162977,163010
14,Rostock – Landkreis Rostock II,MV,spd,SPD,FALSE,32,20.3,17.9,22.6,0.269504938347341,0.290102284371414,1,162977,163010
15,Vorpommern-Rügen – Vorpommern-Greifswald I,MV,afd,AfD,TRUE,96,31.6,28,35.1,0.198762586290949,0.188823674892477,0,165779,166153
15,Vorpommern-Rügen – Vorpommern-Greifswald I,MV,oth,And.,FALSE,0,5.2,4.6,5.9,0.0771878930864926,0.088648139993606,0,165779,166153
15,Vorpommern-Rügen – Vorpommern-Greifswald I,MV,cdu,CDU/CSU,FALSE,4,20.6,17.9,23.1,0.204046872460925,0.186453048938647,0,165779,166153
15,Vorpommern-Rügen – Vorpommern-Greifswald I,MV,fdp,FDP,FALSE,0,2.2,1.7,2.7,0.0662341335997544,0.0830985830533421,0,165779,166153
15,Vorpommern-Rügen – Vorpommern-Greifswald I,MV,gru,Grüne,FALSE,0,6.1,4.9,7.1,0.0734202813069881,0.0883947906550287,0,165779,166153
15,Vorpommern-Rügen – Vorpommern-Greifswald I,MV,spd,SPD,FALSE,0,16.6,14.5,18.5,0.2433239243348,0.250833941572817,1,165779,166153
16,Mecklenburgische Seenplatte I – Vorpommern-Greifswald II,MV,afd,AfD,TRUE,98,38.2,34.4,42,0.242898292935461,0.232405090109774,0,151038,150668
16,Mecklenburgische Seenplatte I – Vorpommern-Greifswald II,MV,oth,And.,FALSE,0,5.1,4.5,5.8,0.0763864921549367,0.0893086508031092,0,151038,150668
16,Mecklenburgische Seenplatte I – Vorpommern-Greifswald II,MV,cdu,CDU/CSU,FALSE,1,20.4,17.8,22.9,0.206958345501367,0.18991247235795,0,151038,150668
16,Mecklenburgische Seenplatte I – Vorpommern-Greifswald II,MV,fdp,FDP,FALSE,0,2.1,1.6,2.6,0.0741033265192343,0.0757292866695798,0,151038,150668
16,Mecklenburgische Seenplatte I – Vorpommern-Greifswald II,MV,gru,Grüne,FALSE,0,2.3,1.7,2.8,0.0405660126901532,0.0438035461274646,0,151038,150668
16,Mecklenburgische Seenplatte I – Vorpommern-Greifswald II,MV,spd,SPD,FALSE,0,17.1,14.9,19.1,0.248174794913319,0.267078483560429,1,151038,150668
17,Mecklenburgische Seenplatte II – Landkreis Rostock III,MV,afd,AfD,TRUE,97,35,31.2,38.6,0.215645692420395,0.208958934075768,0,140798,140601
17,Mecklenburgische Seenplatte II – Landkreis Rostock III,MV,oth,And.,FALSE,0,3.5,2.9,4,0.0334919381796716,0.0760238071563517,0,140798,140601
17,Mecklenburgische Seenplatte II – Landkreis Rostock III,MV,cdu,CDU/CSU,FALSE,2,20.8,18.2,23.3,0.213014132189671,0.187516868137331,0,140798,140601
17,Mecklenburgische Seenplatte II – Landkreis Rostock III,MV,fdp,FDP,FALSE,0,2.1,1.6,2.6,0.0698785926131393,0.0753490816630918,0,140798,140601
17,Mecklenburgische Seenplatte II – Landkreis Rostock III,MV,gru,Grüne,FALSE,0,3.1,2.4,3.7,0.0538616368304635,0.0509879401696047,0,140798,140601
17,Mecklenburgische Seenplatte II – Landkreis Rostock III,MV,spd,SPD,FALSE,1,20.5,18.1,22.7,0.311021969971764,0.298647708064035,1,140798,140601
18,Hamburg-Mitte,HH,afd,AfD,FALSE,0,8.5,7,10,0.0486200742993749,0.0509646887513651,0,178555,178198
18,Hamburg-Mitte,HH,oth,And.,FALSE,0,5,4.3,5.7,0.0536762477693352,0.0795049144521296,0,178555,178198
18,Hamburg-Mitte,HH,cdu,CDU/CSU,FALSE,0,14.2,12.3,16.1,0.130366221843118,0.111909495673602,0,178555,178198
18,Hamburg-Mitte,HH,fdp,FDP,FALSE,0,3.7,2.9,4.4,0.0809436694014523,0.104858446977122,0,178555,178198
18,Hamburg-Mitte,HH,gru,Grüne,TRUE,81,28.8,25.7,31.8,0.259969247690771,0.278855254683431,0,178555,178198
18,Hamburg-Mitte,HH,spd,SPD,FALSE,19,24.7,22.2,27.2,0.332377467760581,0.286578365209599,1,178555,178198
19,Hamburg-Altona,HH,afd,AfD,FALSE,0,4.8,3.7,5.8,0.0341776235655077,0.0331108846444656,0,152095,151883
19,Hamburg-Altona,HH,oth,And.,FALSE,0,3.3,2.7,3.9,0.0362515883936978,0.0614352871560538,0,152095,151883
19,Hamburg-Altona,HH,cdu,CDU/CSU,FALSE,1,19.3,16.9,21.6,0.167503933949158,0.147789210690687,0,152095,151883
19,Hamburg-Altona,HH,fdp,FDP,FALSE,0,3.8,3,4.5,0.0815101097555355,0.108767546599165,0,152095,151883
19,Hamburg-Altona,HH,gru,Grüne,TRUE,96,32.3,29.1,35.5,0.296695482707084,0.303507676123475,1,152095,151883
19,Hamburg-Altona,HH,spd,SPD,FALSE,2,20.9,18.5,23.2,0.28592403363115,0.255531082547092,0,152095,151883
20,Hamburg-Eimsbüttel,HH,afd,AfD,FALSE,0,5.4,4.2,6.4,0.0340541992889233,0.0353069560066099,0,160365,160039
20,Hamburg-Eimsbüttel,HH,oth,And.,FALSE,0,3.3,2.8,3.9,0.0481757571591924,0.0556792317525645,0,160365,160039
20,Hamburg-Eimsbüttel,HH,cdu,CDU/CSU,FALSE,1,20.1,17.6,22.4,0.171595673554571,0.14867957472017,0,160365,160039
20,Hamburg-Eimsbüttel,HH,fdp,FDP,FALSE,0,4.1,3.2,4.8,0.0809615156305651,0.113428740685312,0,160365,160039
20,Hamburg-Eimsbüttel,HH,gru,Grüne,TRUE,94,32.9,29.7,36,0.298264797955498,0.299211174508153,1,160365,160039
20,Hamburg-Eimsbüttel,HH,spd,SPD,FALSE,4,23.3,20.7,25.7,0.296021594736283,0.280054874816824,0,160365,160039
21,Hamburg-Nord,HH,afd,AfD,FALSE,0,5.8,4.5,6.9,0.033975127969906,0.0368778121294486,0,184691,184223
21,Hamburg-Nord,HH,oth,And.,FALSE,0,2.9,2.4,3.5,0.0284655010503574,0.056304855136417,0,184691,184223
21,Hamburg-Nord,HH,cdu,CDU/CSU,FALSE,38,27,24.1,29.7,0.238135303409455,0.186186657714778,0,184691,184223
21,Hamburg-Nord,HH,fdp,FDP,FALSE,0,5.2,4.2,6.2,0.0856896261596,0.142113042866193,0,184691,184223
21,Hamburg-Nord,HH,gru,Grüne,TRUE,49,27.7,24.8,30.4,0.257161157944448,0.251939726353748,0,184691,184223
21,Hamburg-Nord,HH,spd,SPD,FALSE,13,24.6,22.1,27,0.307203769344762,0.279250207102674,1,184691,184223
22,Hamburg-Wandsbek,HH,afd,AfD,FALSE,0,12,10,13.8,0.0666720824435986,0.065327709016844,0,172821,172336
22,Hamburg-Wandsbek,HH,oth,And.,FALSE,0,4.6,3.9,5.2,0.0473609692693343,0.0747536468369006,0,172821,172336
22,Hamburg-Wandsbek,HH,cdu,CDU/CSU,FALSE,7,22.9,20.4,25.4,0.191979621205088,0.168399673650772,0,172821,172336
22,Hamburg-Wandsbek,HH,fdp,FDP,FALSE,0,4.3,3.4,5,0.0914202488162659,0.111242268011411,0,172821,172336
22,Hamburg-Wandsbek,HH,gru,Grüne,FALSE,1,18.3,16,20.5,0.154343839940581,0.185938051509944,0,172821,172336
22,Hamburg-Wandsbek,HH,spd,SPD,TRUE,92,30.3,27.5,32.8,0.386547210101198,0.343118023851268,1,172821,172336
23,Hamburg-Bergedorf – Harburg,HH,afd,AfD,FALSE,1,14.8,12.6,16.8,0.0815474480513262,0.0804881000146481,0,157017,156645
23,Hamburg-Bergedorf – Harburg,HH,oth,And.,FALSE,0,5,4.3,5.7,0.0494430080755849,0.0824496710547266,0,157017,156645
23,Hamburg-Bergedorf – Harburg,HH,cdu,CDU/CSU,FALSE,5,20.9,18.3,23.2,0.169063806696671,0.161937879337906,0,157017,156645
23,Hamburg-Bergedorf – Harburg,HH,fdp,FDP,FALSE,0,3.6,2.8,4.3,0.0849117431134093,0.0998235859811358,0,157017,156645
23,Hamburg-Bergedorf – Harburg,HH,gru,Grüne,FALSE,1,17.1,14.9,19.2,0.154687350378244,0.177885197144258,0,157017,156645
23,Hamburg-Bergedorf – Harburg,HH,spd,SPD,TRUE,94,29,26.4,31.5,0.393182035813464,0.334505180967666,1,157017,156645
24,Aurich – Emden,NI,afd,AfD,FALSE,0,15.7,13.4,17.8,0,0.082037387843811,0,136194,135561
24,Aurich – Emden,NI,oth,And.,FALSE,0,3.9,3.4,4.5,0.0776255707762557,0.0548115188627987,0,136194,135561
24,Aurich – Emden,NI,cdu,CDU/CSU,FALSE,1,22.8,20.2,25.4,0.177182227926911,0.176703819551522,0,136194,135561
24,Aurich – Emden,NI,fdp,FDP,FALSE,0,3.3,2.6,4,0.0870309307249135,0.0889393071647797,0,136194,135561
24,Aurich – Emden,NI,gru,Grüne,FALSE,0,11.4,9.6,13,0.093330677702289,0.129726713364759,0,136194,135561
24,Aurich – Emden,NI,spd,SPD,TRUE,99,38.7,35.8,41.6,0.528146000693415,0.433484588161006,1,136194,135561
25,Unterems,NI,afd,AfD,FALSE,0,14.6,12.3,16.7,0.0781826448801994,0.0817553765291836,0,174276,173747
25,Unterems,NI,oth,And.,FALSE,0,1.7,1.3,2.1,0.0107397537799214,0.0449574238564117,0,174276,173747
25,Unterems,NI,cdu,CDU/CSU,TRUE,99,43.5,40.1,46.9,0.443996155329301,0.298761734260598,1,174276,173747
25,Unterems,NI,fdp,FDP,FALSE,0,3,2.3,3.7,0.0619463933190213,0.101396635222291,0,174276,173747
25,Unterems,NI,gru,Grüne,FALSE,0,9.2,7.7,10.5,0.0945858057980857,0.106589547614129,0,174276,173747
25,Unterems,NI,spd,SPD,FALSE,1,25.1,22.4,27.7,0.284551675712386,0.3398574674654,0,174276,173747
26,Friesland – Wilhelmshaven – Wittmund,NI,afd,AfD,FALSE,0,15.3,13,17.4,0.076908615088437,0.0823817046565862,0,132930,132976
26,Friesland – Wilhelmshaven – Wittmund,NI,oth,And.,FALSE,0,3.6,3,4.2,0.0496706172542414,0.0600315955766193,0,132930,132976
26,Friesland – Wilhelmshaven – Wittmund,NI,cdu,CDU/CSU,FALSE,16,28.7,25.7,31.6,0.220235230417519,0.21466185210261,0,132930,132976
26,Friesland – Wilhelmshaven – Wittmund,NI,fdp,FDP,FALSE,0,3.5,2.7,4.2,0.0714565034291902,0.104370721432333,0,132930,132976
26,Friesland – Wilhelmshaven – Wittmund,NI,gru,Grüne,FALSE,0,11.6,9.8,13.2,0.101552159788232,0.128037312871436,0,132930,132976
26,Friesland – Wilhelmshaven – Wittmund,NI,spd,SPD,TRUE,83,33.9,31,36.6,0.45415714113825,0.3795080117355,1,132930,132976
27,Oldenburg – Ammerland,NI,afd,AfD,FALSE,0,8.8,7.2,10.3,0.0497423517942528,0.0515966386554622,0,172550,172328
27,Oldenburg – Ammerland,NI,oth,And.,FALSE,0,2.8,2.3,3.3,0.0321712083932965,0.0543552593451174,0,172550,172328
27,Oldenburg – Ammerland,NI,cdu,CDU/CSU,FALSE,18,25.1,22.3,27.8,0.199004224502112,0.186033033903216,0,172550,172328
27,Oldenburg – Ammerland,NI,fdp,FDP,FALSE,0,3.5,2.7,4.2,0.074619330578896,0.102428281657491,0,172550,172328
27,Oldenburg – Ammerland,NI,gru,Grüne,FALSE,13,24.1,21.4,26.7,0.203791606703496,0.237142857142857,0,172550,172328
27,Oldenburg – Ammerland,NI,spd,SPD,TRUE,69,28.6,25.9,31.1,0.381580474444083,0.320086931324254,1,172550,172328
28,Delmenhorst – Wesermarsch – Oldenburg-Land,NI,afd,AfD,FALSE,0,14.7,12.4,16.8,0.0740807053070901,0.0800885556062606,0,162158,161972
28,Delmenhorst – Wesermarsch – Oldenburg-Land,NI,oth,And.,FALSE,0,3.2,2.7,3.7,0.0418282172227299,0.0574193070955488,0,162158,161972
28,Delmenhorst – Wesermarsch – Oldenburg-Land,NI,cdu,CDU/CSU,TRUE,63,30.7,27.6,33.7,0.249487565752105,0.226007967537833,0,162158,161972
28,Delmenhorst – Wesermarsch – Oldenburg-Land,NI,fdp,FDP,FALSE,0,4.7,3.8,5.5,0.106672758254513,0.114524106118724,0,162158,161972
28,Delmenhorst – Wesermarsch – Oldenburg-Land,NI,gru,Grüne,FALSE,0,14.1,12.1,15.9,0.13089916775739,0.147837294490559,0,162158,161972
28,Delmenhorst – Wesermarsch – Oldenburg-Land,NI,spd,SPD,FALSE,36,29.1,26.4,31.7,0.366588052255945,0.343004970460908,1,162158,161972
29,Cuxhaven – Stade II,NI,afd,AfD,FALSE,0,14.2,12,16.3,0.0732215476258663,0.0787311403132068,0,139716,139672
29,Cuxhaven – Stade II,NI,oth,And.,FALSE,0,3.6,3,4.1,0.0589810412967524,0.0572232242549171,0,139716,139672
29,Cuxhaven – Stade II,NI,cdu,CDU/CSU,TRUE,87,35.7,32.4,38.9,0.301313076350306,0.261859772681726,0,139716,139672
29,Cuxhaven – Stade II,NI,fdp,FDP,FALSE,0,3.2,2.5,3.9,0.068889970788705,0.100575453061926,0,139716,139672
29,Cuxhaven – Stade II,NI,gru,Grüne,FALSE,0,11.4,9.7,13,0.110179563548886,0.125633427810702,0,139716,139672
29,Cuxhaven – Stade II,NI,spd,SPD,FALSE,13,29.1,26.3,31.8,0.368126754109628,0.349695095765696,1,139716,139672
30,Stade I – Rotenburg II,NI,afd,AfD,FALSE,0,13.1,11,15.1,0.0712659244654226,0.0729159762999881,0,150886,150633
30,Stade I – Rotenburg II,NI,oth,And.,FALSE,0,2.7,2.2,3.2,0.0251206574920502,0.0563471760136792,0,150886,150633
30,Stade I – Rotenburg II,NI,cdu,CDU/CSU,TRUE,97,37.9,34.7,41.1,0.345667947926417,0.264895351457392,1,150886,150633
30,Stade I – Rotenburg II,NI,fdp,FDP,FALSE,0,3.8,3,4.6,0.0797899530647335,0.110812136314834,0,150886,150633
30,Stade I – Rotenburg II,NI,gru,Grüne,FALSE,0,13.8,11.9,15.6,0.132261854972018,0.14640854684994,0,150886,150633
30,Stade I – Rotenburg II,NI,spd,SPD,FALSE,3,25.5,22.8,27.9,0.317081914321563,0.320115849051602,0,150886,150633
31,Mittelems,NI,afd,AfD,FALSE,0,8.5,7,10,0.0501805114584321,0.0514659577906698,0,179439,179213
31,Mittelems,NI,oth,And.,FALSE,0,1.3,0.9,1.6,0.00761105500159029,0.035806039935577,0,179439,179213
31,Mittelems,NI,cdu,CDU/CSU,TRUE,100,47.6,44.1,51.1,0.40467488407649,0.338460423876638,1,179439,179213
31,Mittelems,NI,fdp,FDP,FALSE,0,4.5,3.6,5.3,0.0974594476963167,0.11759427995029,0,179439,179213
31,Mittelems,NI,gru,Grüne,FALSE,0,11.8,10.1,13.4,0.125894884857683,0.125474395198368,0,179439,179213
31,Mittelems,NI,spd,SPD,FALSE,0,24,21.3,26.5,0.291881727330049,0.309079965893702,0,179439,179213
32,Cloppenburg – Vechta,NI,afd,AfD,FALSE,0,13.5,11.3,15.5,0.0776659762479625,0.0781869827121798,0,163352,163186
32,Cloppenburg – Vechta,NI,oth,And.,FALSE,0,1.3,1,1.6,0.00764771487750175,0.0375997845144228,0,163352,163186
32,Cloppenburg – Vechta,NI,cdu,CDU/CSU,TRUE,100,52.4,48.9,55.9,0.491059282046254,0.384672363974729,1,163352,163186
32,Cloppenburg – Vechta,NI,fdp,FDP,FALSE,0,4.1,3.3,4.9,0.08822448004118,0.120886184436064,0,163352,163186
32,Cloppenburg – Vechta,NI,gru,Grüne,FALSE,0,9.5,8,10.9,0.10641844275857,0.110760811009354,0,163352,163186
32,Cloppenburg – Vechta,NI,spd,SPD,FALSE,0,17,14.9,19.1,0.207278810682289,0.246167784906215,0,163352,163186
33,Diepholz – Nienburg I,NI,afd,AfD,FALSE,0,12.8,10.8,14.7,0.0665525726146783,0.0710547228235552,0,145972,145494
33,Diepholz – Nienburg I,NI,oth,And.,FALSE,0,2.3,1.9,2.8,0.01450918938238,0.0534486065820842,0,145972,145494
33,Diepholz – Nienburg I,NI,cdu,CDU/CSU,TRUE,95,36.9,33.6,40,0.33758093117242,0.252890965390623,1,145972,145494
33,Diepholz – Nienburg I,NI,fdp,FDP,FALSE,0,4.6,3.7,5.4,0.0939626376345416,0.120762886032938,0,145972,145494
33,Diepholz – Nienburg I,NI,gru,Grüne,FALSE,0,14,12,15.7,0.135414518811772,0.144815444057765,0,145972,145494
33,Diepholz – Nienburg I,NI,spd,SPD,FALSE,5,26.5,23.8,29.1,0.319291517175966,0.330172909873126,0,145972,145494
34,Osterholz – Verden,NI,afd,AfD,FALSE,0,14,11.9,15.9,0,0.0754165584912694,0,150219,149381
34,Osterholz – Verden,NI,oth,And.,FALSE,0,3.3,2.7,3.8,0.0566404027285933,0.0545070863206385,0,150219,149381
34,Osterholz – Verden,NI,cdu,CDU/CSU,TRUE,93,34.1,31,37.1,0.336548824817078,0.240868332234937,1,150219,149381
34,Osterholz – Verden,NI,fdp,FDP,FALSE,0,3.8,3.1,4.5,0.092140232024153,0.104201199581944,0,150219,149381
34,Osterholz – Verden,NI,gru,Grüne,FALSE,0,15,13,16.9,0.146825901553745,0.160984961955545,0,150219,149381
34,Osterholz – Verden,NI,spd,SPD,FALSE,7,25.5,22.9,28,0.325168528795496,0.329052916075863,0,150219,149381
35,Rotenburg I – Heidekreis,NI,afd,AfD,FALSE,0,14.5,12.2,16.5,0.0739493903322971,0.0800698850278574,0,124204,124166
35,Rotenburg I – Heidekreis,NI,oth,And.,FALSE,0,2.6,2.1,3.1,0.0220189101686452,0.0565601751956459,0,124204,124166
35,Rotenburg I – Heidekreis,NI,cdu,CDU/CSU,TRUE,61,33.4,30.2,36.6,0.263518193386273,0.250547486393353,0,124204,124166
35,Rotenburg I – Heidekreis,NI,fdp,FDP,FALSE,0,3,2.3,3.6,0.0592271636357779,0.100850214163795,0,124204,124166
35,Rotenburg I – Heidekreis,NI,gru,Grüne,FALSE,0,11.4,9.6,13.1,0.0808192258750383,0.135720266658079,0,124204,124166
35,Rotenburg I – Heidekreis,NI,spd,SPD,FALSE,39,32,29.2,34.6,0.476225375706715,0.347782680106921,1,124204,124166
36,Harburg,NI,afd,AfD,FALSE,0,13.1,11,15,0.0685738849812788,0.0726070348757636,0,160742,160513
36,Harburg,NI,oth,And.,FALSE,0,4.3,3.7,4.9,0.0640259667441266,0.0657637705142402,0,160742,160513
36,Harburg,NI,cdu,CDU/CSU,TRUE,95,34.3,31.1,37.3,0.291010696952895,0.247912804369735,0,160742,160513
36,Harburg,NI,fdp,FDP,FALSE,0,4.6,3.7,5.5,0.0896812096216506,0.127073198044071,0,160742,160513
36,Harburg,NI,gru,Grüne,FALSE,0,16.1,14,18.1,0.150268202575492,0.166583718007739,0,160742,160513
36,Harburg,NI,spd,SPD,FALSE,4,24.3,21.8,26.6,0.310087033449004,0.29093205260604,1,160742,160513
37,Lüchow-Dannenberg – Lüneburg,NI,afd,AfD,FALSE,0,11.6,9.7,13.4,0.0625049950231406,0.0662172534140443,0,138106,137637
37,Lüchow-Dannenberg – Lüneburg,NI,oth,And.,FALSE,0,3.5,3,4.1,0.046462797067649,0.0616410583175242,0,138106,137637
37,Lüchow-Dannenberg – Lüneburg,NI,cdu,CDU/CSU,TRUE,76,28.5,25.6,31.4,0.249111794067002,0.210215341838877,0,138106,137637
37,Lüchow-Dannenberg – Lüneburg,NI,fdp,FDP,FALSE,0,3.1,2.4,3.7,0.0691165892892173,0.095875631761111,0,138106,137637
37,Lüchow-Dannenberg – Lüneburg,NI,gru,Grüne,FALSE,12,23.5,20.9,25.9,0.251429484804231,0.221460327574472,0,138106,137637
37,Lüchow-Dannenberg – Lüneburg,NI,spd,SPD,FALSE,12,23.7,21.3,26.1,0.281784694522548,0.298770509608562,1,138106,137637
38,Osnabrück-Land,NI,afd,AfD,FALSE,0,11.7,9.8,13.5,0.0625423346127794,0.0669223304842547,0,150458,150586
38,Osnabrück-Land,NI,oth,And.,FALSE,0,1.9,1.5,2.3,0.0219874357509994,0.043134961251645,0,150458,150586
38,Osnabrück-Land,NI,cdu,CDU/CSU,TRUE,98,40.5,37.2,43.9,0.362151860066673,0.284890135453083,1,150458,150586
38,Osnabrück-Land,NI,fdp,FDP,FALSE,0,4,3.1,4.7,0.0863692507935665,0.110682050804876,0,150458,150586
38,Osnabrück-Land,NI,gru,Grüne,FALSE,0,14.2,12.3,16,0.146168966570598,0.147283627324569,0,150458,150586
38,Osnabrück-Land,NI,spd,SPD,FALSE,2,24.9,22.2,27.4,0.296900110236011,0.321365430884366,0,150458,150586
39,Stadt Osnabrück,NI,afd,AfD,FALSE,0,7.6,6.2,9,0.04517360970541,0.0464817184028012,0,148510,148206
39,Stadt Osnabrück,NI,oth,And.,FALSE,0,1.9,1.5,2.3,0.0142504352050524,0.0459834354588917,0,148510,148206
39,Stadt Osnabrück,NI,cdu,CDU/CSU,TRUE,88,32.6,29.5,35.7,0.292268869006653,0.232051713689314,0,148510,148206
39,Stadt Osnabrück,NI,fdp,FDP,FALSE,0,3.2,2.4,3.9,0.0680809144029257,0.0984916840616794,0,148510,148206
39,Stadt Osnabrück,NI,gru,Grüne,FALSE,6,24.1,21.4,26.7,0.230355046354399,0.232617332166184,0,148510,148206
39,Stadt Osnabrück,NI,spd,SPD,FALSE,7,24.9,22.3,27.3,0.302794758646748,0.302464480506363,1,148510,148206
40,Nienburg II – Schaumburg,NI,afd,AfD,FALSE,0,16,13.6,18.3,0.0825644030583069,0.087691830286617,0,141792,141647
40,Nienburg II – Schaumburg,NI,oth,And.,FALSE,0,3,2.5,3.5,0.0418505157186527,0.0551088918979914,0,141792,141647
40,Nienburg II – Schaumburg,NI,cdu,CDU/CSU,TRUE,82,33.3,30.1,36.4,0.309339414177498,0.239562175581133,0,141792,141647
40,Nienburg II – Schaumburg,NI,fdp,FDP,FALSE,0,3,2.3,3.7,0.0621545108615078,0.100238377341458,0,141792,141647
40,Nienburg II – Schaumburg,NI,gru,Grüne,FALSE,0,13.1,11.3,14.8,0.1277400862708,0.140825998645904,0,141792,141647
40,Nienburg II – Schaumburg,NI,spd,SPD,FALSE,18,28.6,25.8,31.2,0.353110196474334,0.349476698262243,1,141792,141647
41,Stadt Hannover I,NI,afd,AfD,FALSE,0,10.7,8.9,12.3,0.0591257626667293,0.0601711786559654,0,127586,127677
41,Stadt Hannover I,NI,oth,And.,FALSE,0,3.5,3,4.1,0.0487480125629518,0.0593952314517267,0,127586,127677
41,Stadt Hannover I,NI,cdu,CDU/CSU,FALSE,26,25.1,22.3,27.7,0.213844310251651,0.183484081325537,0,127586,127677
41,Stadt Hannover I,NI,fdp,FDP,FALSE,0,3.5,2.8,4.2,0.0747981233894907,0.104102330976753,0,127586,127677
41,Stadt Hannover I,NI,gru,Grüne,FALSE,20,24.4,21.7,27,0.218136391049288,0.237957142633204,0,127586,127677
41,Stadt Hannover I,NI,spd,SPD,TRUE,53,26.8,24.2,29.3,0.348833384243051,0.309681312996724,1,127586,127677
42,Stadt Hannover II,NI,afd,AfD,FALSE,0,7.8,6.4,9.2,0.0454366861248316,0.0474061074061074,0,142450,142528
42,Stadt Hannover II,NI,oth,And.,FALSE,0,4,3.4,4.6,0.05767287831163,0.0628220428220428,0,142450,142528
42,Stadt Hannover II,NI,cdu,CDU/CSU,FALSE,3,21.1,18.6,23.5,0.183795464750786,0.158209898209898,0,142450,142528
42,Stadt Hannover II,NI,fdp,FDP,FALSE,0,3,2.3,3.6,0.066920184104176,0.0932818532818533,0,142450,142528
42,Stadt Hannover II,NI,gru,Grüne,TRUE,86,30.4,27.3,33.4,0.265063706780422,0.294671814671815,0,142450,142528
42,Stadt Hannover II,NI,spd,SPD,FALSE,11,24.4,22,26.7,0.329261618769645,0.281614601614602,1,142450,142528
43,Hannover-Land I,NI,afd,AfD,FALSE,0,14,11.8,15.9,0.0747586892101873,0.0769823163599727,0,172702,173117
43,Hannover-Land I,NI,oth,And.,FALSE,0,2.9,2.4,3.4,0.0438951691630516,0.0529293233430997,0,172702,173117
43,Hannover-Land I,NI,cdu,CDU/CSU,TRUE,94,35.8,32.6,39,0.318772853041585,0.257837199337587,0,172702,173117
43,Hannover-Land I,NI,fdp,FDP,FALSE,0,3.7,2.9,4.4,0.0725347597289694,0.113200773586872,0,172702,173117
43,Hannover-Land I,NI,gru,Grüne,FALSE,0,14.2,12.2,16,0.129912140344391,0.1518164236662,0,172702,173117
43,Hannover-Land I,NI,spd,SPD,FALSE,6,26.6,23.9,29.1,0.336749134978078,0.321154358374541,1,172702,173117
44,Celle – Uelzen,NI,afd,AfD,FALSE,0,16.9,14.4,19.1,0.092559725219301,0.0919658228655232,0,156830,156634
44,Celle – Uelzen,NI,oth,And.,FALSE,0,2.5,2,2.9,0.0217002694178786,0.0543901039341963,0,156830,156634
44,Celle – Uelzen,NI,cdu,CDU/CSU,TRUE,96,36.3,33.1,39.5,0.328817498116629,0.261384939106038,1,156830,156634
44,Celle – Uelzen,NI,fdp,FDP,FALSE,0,4,3.2,4.8,0.0856263646462454,0.114710195753364,0,156830,156634
44,Celle – Uelzen,NI,gru,Grüne,FALSE,0,12.6,10.8,14.3,0.119852650127048,0.139526876235414,0,156830,156634
44,Celle – Uelzen,NI,spd,SPD,FALSE,3,24.4,21.9,26.9,0.3232695327962,0.308180832748836,0,156830,156634
45,Gifhorn – Peine,NI,afd,AfD,FALSE,1,18,15.4,20.4,0.092992534419236,0.0973609173087423,0,164830,165024
45,Gifhorn – Peine,NI,oth,And.,FALSE,0,3.3,2.7,3.8,0.042660461508629,0.0591639871382637,0,164830,165024
45,Gifhorn – Peine,NI,cdu,CDU/CSU,FALSE,41,30.3,27.2,33.2,0.244079649020748,0.229563792998847,0,164830,165024
45,Gifhorn – Peine,NI,fdp,FDP,FALSE,0,3,2.3,3.7,0.0650693232499515,0.0985136200934296,0,164830,165024
45,Gifhorn – Peine,NI,gru,Grüne,FALSE,0,11.5,9.8,13.2,0.0955133798720186,0.1332281744828,0,164830,165024
45,Gifhorn – Peine,NI,spd,SPD,TRUE,58,31.2,28.5,33.8,0.43698492340508,0.357010252987927,1,164830,165024
46,Hameln-Pyrmont – Holzminden,NI,afd,AfD,FALSE,0,16.3,13.9,18.6,0.0852008392373886,0.08806388620839,0,131609,131548
46,Hameln-Pyrmont – Holzminden,NI,oth,And.,FALSE,0,2.7,2.2,3.2,0.029152856751908,0.0542516089325198,0,131609,131548
46,Hameln-Pyrmont – Holzminden,NI,cdu,CDU/CSU,FALSE,37,30.6,27.5,33.7,0.25523003010308,0.226496668160992,0,131609,131548
46,Hameln-Pyrmont – Holzminden,NI,fdp,FDP,FALSE,0,3.3,2.6,4,0.0691914738346459,0.103518756316057,0,131609,131548
46,Hameln-Pyrmont – Holzminden,NI,gru,Grüne,FALSE,0,11.7,9.9,13.3,0.100792106303403,0.131252421946827,0,131609,131548
46,Hameln-Pyrmont – Holzminden,NI,spd,SPD,TRUE,62,32.1,29.3,34.8,0.43248852130021,0.368044738581708,1,131609,131548
47,Hannover-Land II,NI,afd,AfD,FALSE,0,14.1,11.9,16.2,0.0745037538708312,0.0773345543072834,0,179092,179548
47,Hannover-Land II,NI,oth,And.,FALSE,0,3.3,2.8,3.9,0.0504099182391338,0.0563453420588301,0,179092,179548
47,Hannover-Land II,NI,cdu,CDU/CSU,TRUE,54,30.8,27.8,33.8,0.254644997438011,0.226766131373819,0,179092,179548
47,Hannover-Land II,NI,fdp,FDP,FALSE,0,3.2,2.5,3.9,0.066182859179718,0.102293793134255,0,179092,179548
47,Hannover-Land II,NI,gru,Grüne,FALSE,0,15.1,13,17.1,0.124106088622541,0.163050275835883,0,179092,179548
47,Hannover-Land II,NI,spd,SPD,FALSE,46,30.3,27.6,32.9,0.407066633992024,0.346324793960646,1,179092,179548
48,Hildesheim,NI,afd,AfD,FALSE,0,13.7,11.6,15.7,0.0711647469829822,0.0761118551990887,0,159778,160009
48,Hildesheim,NI,oth,And.,FALSE,0,2.7,2.2,3.2,0.0333918717072165,0.0525979796968293,0,159778,160009
48,Hildesheim,NI,cdu,CDU/CSU,TRUE,61,30.9,27.9,34,0.257673005893419,0.228466997959669,0,159778,160009
48,Hildesheim,NI,fdp,FDP,FALSE,0,3.2,2.5,3.8,0.0719147047978551,0.096364956376973,0,159778,160009
48,Hildesheim,NI,gru,Grüne,FALSE,0,15.9,13.7,17.8,0.143573174008962,0.166261938439585,0,159778,160009
48,Hildesheim,NI,spd,SPD,FALSE,39,29.6,26.9,32.3,0.386584504621615,0.346975178059558,1,159778,160009
49,Salzgitter – Wolfenbüttel,NI,afd,AfD,FALSE,1,18.4,15.8,20.8,0.0985463197271427,0.0989212335817516,0,145722,145424
49,Salzgitter – Wolfenbüttel,NI,oth,And.,FALSE,0,2.9,2.4,3.4,0.0307377049180328,0.0576234199365916,0,145722,145424
49,Salzgitter – Wolfenbüttel,NI,cdu,CDU/CSU,TRUE,55,30.9,27.8,33.9,0.271901474309605,0.229567258203977,0,145722,145424
49,Salzgitter – Wolfenbüttel,NI,fdp,FDP,FALSE,0,2.9,2.2,3.5,0.0656287820442293,0.0923882461124607,0,145722,145424
49,Salzgitter – Wolfenbüttel,NI,gru,Grüne,FALSE,0,11,9.4,12.6,0.105574045549565,0.124243422407049,0,145722,145424
49,Salzgitter – Wolfenbüttel,NI,spd,SPD,FALSE,44,30.2,27.4,32.9,0.386160468698427,0.366526674078039,1,145722,145424
50,Braunschweig,NI,afd,AfD,FALSE,0,10.4,8.6,12.1,0.0576483486560662,0.0591410972475484,0,139294,139553
50,Braunschweig,NI,oth,And.,FALSE,0,3.3,2.8,3.9,0.0286414480519946,0.0642382299309374,0,139294,139553
50,Braunschweig,NI,cdu,CDU/CSU,FALSE,30,25.7,22.9,28.3,0.224115568995292,0.186145849785346,0,139294,139553
50,Braunschweig,NI,fdp,FDP,FALSE,0,3.3,2.6,4,0.0703388676703475,0.100837078409695,0,139294,139553
50,Braunschweig,NI,gru,Grüne,FALSE,17,24.1,21.4,26.7,0.202174084398042,0.239787786982928,0,139294,139553
50,Braunschweig,NI,spd,SPD,TRUE,53,27,24.5,29.5,0.36702901406634,0.304227030597154,1,139294,139553
51,Helmstedt – Wolfsburg,NI,afd,AfD,FALSE,1,17.6,15.1,19.9,0.0956155848986424,0.0947416488653602,0,129204,129048
51,Helmstedt – Wolfsburg,NI,oth,And.,FALSE,0,2.7,2.2,3.3,0.0201397929452607,0.0593789665954614,0,129204,129048
51,Helmstedt – Wolfsburg,NI,cdu,CDU/CSU,TRUE,68,32.7,29.5,35.8,0.266311759965284,0.246331382929321,0,129204,129048
51,Helmstedt – Wolfsburg,NI,fdp,FDP,FALSE,0,3.4,2.6,4.1,0.0756772673733804,0.101181077985202,0,129204,129048
51,Helmstedt – Wolfsburg,NI,gru,Grüne,FALSE,0,10.2,8.6,11.7,0.087603062426384,0.119818271880128,0,129204,129048
51,Helmstedt – Wolfsburg,NI,spd,SPD,FALSE,32,30.4,27.7,33,0.421153369288947,0.351490665923656,1,129204,129048
52,Goslar – Northeim – Göttingen II,NI,afd,AfD,FALSE,0,15.3,13,17.4,0.0791175994425166,0.0830481677967888,0,142315,142067
52,Goslar – Northeim – Göttingen II,NI,oth,And.,FALSE,0,2.5,2,3,0.026945032977398,0.0519832765344482,0,142315,142067
52,Goslar – Northeim – Göttingen II,NI,cdu,CDU/CSU,TRUE,72,34,30.8,37.1,0.332209450470553,0.236194357587043,0,142315,142067
52,Goslar – Northeim – Göttingen II,NI,fdp,FDP,FALSE,0,3.1,2.3,3.7,0.0621326557187806,0.100052699996487,0,142315,142067
52,Goslar – Northeim – Göttingen II,NI,gru,Grüne,FALSE,0,10.9,9.2,12.4,0.105260194133754,0.120282471981169,0,142315,142067
52,Goslar – Northeim – Göttingen II,NI,spd,SPD,FALSE,28,31,28,33.7,0.366932503677842,0.378568668095422,1,142315,142067
53,Göttingen I,NI,afd,AfD,FALSE,0,11.5,9.7,13.1,0,0.061039892704532,0,160305,159477
53,Göttingen I,NI,oth,And.,FALSE,0,2.6,2.1,3.1,0.0298224822388181,0.053236018839087997,0,160305,159477
53,Göttingen I,NI,cdu,CDU/CSU,TRUE,76,29,26.1,31.9,0.269367996639014,0.215763700446025,0,160305,159477
53,Göttingen I,NI,fdp,FDP,FALSE,0,3.7,3,4.4,0.0956940499256946,0.0975515423723527,0,160305,159477
53,Göttingen I,NI,gru,Grüne,FALSE,3,20.8,18.5,23.1,0.232384607184735,0.202414148030317,0,160305,159477
53,Göttingen I,NI,spd,SPD,FALSE,21,25.5,22.9,27.9,0.322209472212294,0.319266398427997,1,160305,159477
54,Bremen I,HB,afd,AfD,FALSE,0,8.7,7.2,10.2,0.0491914948829817,0.0530941442584365,0,185237,184971
54,Bremen I,HB,oth,And.,FALSE,0,3.8,3.2,4.3,0.0623989706494532,0.0596695044726486,0,185237,184971
54,Bremen I,HB,cdu,CDU/CSU,FALSE,30,23.2,20.5,25.8,0.213222613274513,0.174776097647878,0,185237,184971
54,Bremen I,HB,fdp,FDP,FALSE,0,3.3,2.6,4,0.0753036962550886,0.0993106128905132,0,185237,184971
54,Bremen I,HB,gru,Grüne,TRUE,38,23.6,20.9,26.3,0.214741770331565,0.239768512770127,0,185237,184971
54,Bremen I,HB,spd,SPD,FALSE,32,23.4,20.9,25.7,0.302393348146466,0.28841430167839,1,185237,184971
55,Bremen II – Bremerhaven,HB,afd,AfD,FALSE,1,16.2,13.8,18.4,0.0877355967512633,0.0892138120347612,0,142803,142086
55,Bremen II – Bremerhaven,HB,oth,And.,FALSE,0,4.6,4,5.2,0.0613360922258351,0.0730306786271997,0,142803,142086
55,Bremen II – Bremerhaven,HB,cdu,CDU/CSU,FALSE,8,22.1,19.5,24.5,0.200948721197022,0.168932025237565,0,142803,142086
55,Bremen II – Bremerhaven,HB,fdp,FDP,FALSE,0,2.5,1.9,3,0.0596047464211815,0.0846270736609175,0,142803,142086
55,Bremen II – Bremerhaven,HB,gru,Grüne,FALSE,1,15.7,13.6,17.6,0.146172036653858,0.168154730642914,0,142803,142086
55,Bremen II – Bremerhaven,HB,spd,SPD,TRUE,90,28.5,25.8,31.1,0.369480455498782,0.348725166838232,1,142803,142086
56,Prignitz – Ostprignitz-Ruppin – Havelland I,BB,afd,AfD,TRUE,93,33.7,30.1,37.2,0.196951264927133,0.191896403543567,0,121008,120837
56,Prignitz – Ostprignitz-Ruppin – Havelland I,BB,oth,And.,FALSE,0,5.4,4.8,6.1,0.0756059816115925,0.0884982811053815,0,121008,120837
56,Prignitz – Ostprignitz-Ruppin – Havelland I,BB,cdu,CDU/CSU,FALSE,1,18.8,16.4,21.1,0.193922391320539,0.160435673674468,0,121008,120837
56,Prignitz – Ostprignitz-Ruppin – Havelland I,BB,fdp,FDP,FALSE,0,2,1.5,2.5,0.0608671185150244,0.0749537220679625,0,121008,120837
56,Prignitz – Ostprignitz-Ruppin – Havelland I,BB,gru,Grüne,FALSE,0,3.9,3,4.7,0.0465337603548582,0.0634420864736216,0,121008,120837
56,Prignitz – Ostprignitz-Ruppin – Havelland I,BB,spd,SPD,FALSE,6,24.2,21.5,26.8,0.329807923069921,0.340167592225307,1,121008,120837
57,Uckermark – Barnim I,BB,afd,AfD,TRUE,97,34.6,30.9,38.1,0.202578397212544,0.199216997044396,0,129246,129150
57,Uckermark – Barnim I,BB,oth,And.,FALSE,0,5.5,4.9,6.2,0.0710027100271003,0.0928694118193213,0,129246,129150
57,Uckermark – Barnim I,BB,cdu,CDU/CSU,FALSE,1,17.5,15.2,19.7,0.178017808749516,0.153335499744673,0,129246,129150
57,Uckermark – Barnim I,BB,fdp,FDP,FALSE,0,2.6,2.1,3.2,0.0848935346496322,0.0806369249338471,0,129246,129150
57,Uckermark – Barnim I,BB,gru,Grüne,FALSE,0,4.6,3.7,5.5,0.0582888114595432,0.0703696826207387,0,129246,129150
57,Uckermark – Barnim I,BB,spd,SPD,FALSE,2,21.7,19.2,24.1,0.296144018583043,0.31368862479303,1,129246,129150
58,Oberhavel – Havelland II,BB,afd,AfD,TRUE,87,28.8,25.5,31.9,0.160129294690201,0.15947650812065,0,193088,192738
58,Oberhavel – Havelland II,BB,oth,And.,FALSE,0,7.5,6.8,8.3,0.100307152715085,0.106661211468346,0,193088,192738
58,Oberhavel – Havelland II,BB,cdu,CDU/CSU,FALSE,8,21.2,18.7,23.6,0.207514864738661,0.172859007292012,0,193088,192738
58,Oberhavel – Havelland II,BB,fdp,FDP,FALSE,0,3.5,2.8,4.2,0.0898732995050276,0.102554275770633,0,193088,192738
58,Oberhavel – Havelland II,BB,gru,Grüne,FALSE,0,8.7,7.3,10,0.0987143168446285,0.107013382499171,0,193088,192738
58,Oberhavel – Havelland II,BB,spd,SPD,FALSE,5,20.6,18.3,22.8,0.2630358310245,0.285843760357971,1,193088,192738
59,Märkisch-Oderland – Barnim II,BB,afd,AfD,TRUE,96,31.5,27.9,34.9,0.183279853509291,0.182351660190948,0,174498,174209
59,Märkisch-Oderland – Barnim II,BB,oth,And.,FALSE,0,6.8,6,7.6,0.0545896021445505,0.119285034785499,0,174498,174209
59,Märkisch-Oderland – Barnim II,BB,cdu,CDU/CSU,FALSE,2,18.6,16.3,20.8,0.234224408612643,0.1504544464693,0,174498,174209
59,Märkisch-Oderland – Barnim II,BB,fdp,FDP,FALSE,0,2.5,1.9,3,0.0704326412527481,0.0856112964045433,0,174498,174209
59,Märkisch-Oderland – Barnim II,BB,gru,Grüne,FALSE,0,5.5,4.5,6.5,0.0674017989885712,0.0799665325677085,0,174498,174209
59,Märkisch-Oderland – Barnim II,BB,spd,SPD,FALSE,2,18.8,16.5,21,0.2475015642131,0.279155061949134,1,174498,174209
60,Brandenburg an der Havel – Potsdam-Mittelmark I – Havelland III – Teltow-Fläming I,BB,afd,AfD,TRUE,82,29.3,25.9,32.5,0.164611119900398,0.163794228563186,0,145579,145379
60,Brandenburg an der Havel – Potsdam-Mittelmark I – Havelland III – Teltow-Fläming I,BB,oth,And.,FALSE,0,6.8,6.1,7.5,0.087529835808473,0.102164460533456,0,145579,145379
60,Brandenburg an der Havel – Potsdam-Mittelmark I – Havelland III – Teltow-Fläming I,BB,cdu,CDU/CSU,FALSE,2,18.8,16.4,21,0.201101947323891,0.153002836947637,0,145579,145379
60,Brandenburg an der Havel – Potsdam-Mittelmark I – Havelland III – Teltow-Fläming I,BB,fdp,FDP,FALSE,0,2.3,1.8,2.8,0.0637368533281973,0.081976109191573,0,145579,145379
60,Brandenburg an der Havel – Potsdam-Mittelmark I – Havelland III – Teltow-Fläming I,BB,gru,Grüne,FALSE,0,6,4.9,7.1,0.0651675964203908,0.0838788561537035,0,145579,145379
60,Brandenburg an der Havel – Potsdam-Mittelmark I – Havelland III – Teltow-Fläming I,BB,spd,SPD,FALSE,16,24.3,21.6,26.7,0.320830381279277,0.33262352399728,1,145579,145379
61,Potsdam – Potsdam-Mittelmark II – Teltow-Fläming II,BB,afd,AfD,FALSE,9,17.4,14.9,19.7,0.0916201117318436,0.0987796807581333,0,188885,188845
61,Potsdam – Potsdam-Mittelmark II – Teltow-Fläming II,BB,oth,And.,FALSE,0,6,5.3,6.7,0.065980036537901507,0.0941842920295418,0,188885,188845
61,Potsdam – Potsdam-Mittelmark II – Teltow-Fläming II,BB,cdu,CDU/CSU,FALSE,4,16.4,14.2,18.5,0.13794381635733,0.139169335839267,0,188885,188845
61,Potsdam – Potsdam-Mittelmark II – Teltow-Fläming II,BB,fdp,FDP,FALSE,0,3.7,3,4.4,0.0893431120760412,0.106996320512481,0,188885,188845
61,Potsdam – Potsdam-Mittelmark II – Teltow-Fläming II,BB,gru,Grüne,FALSE,9,18,15.7,20.1,0.187730678598851,0.189877438653149,0,188885,188845
61,Potsdam – Potsdam-Mittelmark II – Teltow-Fläming II,BB,spd,SPD,TRUE,77,22.4,20,24.5,0.340337313669941,0.269820261005374,1,188885,188845
62,Dahme-Spreewald – Teltow-Fläming III,BB,afd,AfD,TRUE,95,31.5,28.1,34.9,0.174627398237861,0.178164890117121,0,182376,182165
62,Dahme-Spreewald – Teltow-Fläming III,BB,oth,And.,FALSE,0,7.8,7.1,8.6,0.104915872972305,0.112438040092995,0,182376,182165
62,Dahme-Spreewald – Teltow-Fläming III,BB,cdu,CDU/CSU,FALSE,2,19.6,17.2,21.9,0.199368704196745,0.163639952625345,0,182376,182165
62,Dahme-Spreewald – Teltow-Fläming III,BB,fdp,FDP,FALSE,0,3.1,2.4,3.7,0.0790217659813905,0.0992619642935474,0,182376,182165
62,Dahme-Spreewald – Teltow-Fläming III,BB,gru,Grüne,FALSE,0,6.3,5.2,7.4,0.0724453105700876,0.0861242707373777,0,182376,182165
62,Dahme-Spreewald – Teltow-Fläming III,BB,spd,SPD,FALSE,2,19.9,17.6,22.1,0.261828562017951,0.282411062859148,1,182376,182165
63,Frankfurt (Oder) – Oder-Spree,BB,afd,AfD,TRUE,98,35,31.4,38.6,0.214908751717803,0.201564833914219,0,140590,140441
63,Frankfurt (Oder) – Oder-Spree,BB,oth,And.,FALSE,0,6.8,6.1,7.6,0.0884926766400125,0.107269364819688,0,140590,140441
63,Frankfurt (Oder) – Oder-Spree,BB,cdu,CDU/CSU,FALSE,0,15.9,13.7,17.9,0.162886906245327,0.141475211608222,0,140590,140441
63,Frankfurt (Oder) – Oder-Spree,BB,fdp,FDP,FALSE,0,2.5,1.9,3.1,0.0710262672581369,0.0884771320862081,0,140590,140441
63,Frankfurt (Oder) – Oder-Spree,BB,gru,Grüne,FALSE,0,4.8,3.8,5.7,0.0631225924053517,0.0710719112312398,0,140590,140441
63,Frankfurt (Oder) – Oder-Spree,BB,spd,SPD,FALSE,1,20.3,17.9,22.5,0.280188833745131,0.294572871470233,1,140590,140441
64,Cottbus – Spree-Neiße,BB,afd,AfD,TRUE,100,42,38.1,45.8,0.257432951101193,0.242811425862273,0,126555,126363
64,Cottbus – Spree-Neiße,BB,oth,And.,FALSE,0,5.9,5.2,6.6,0.0843680507743564,0.094931057642922,0,126555,126363
64,Cottbus – Spree-Neiße,BB,cdu,CDU/CSU,FALSE,0,15.4,13.3,17.4,0.166757674319223,0.138295602702382,0,126555,126363
64,Cottbus – Spree-Neiße,BB,fdp,FDP,FALSE,0,3.4,2.7,4.1,0.0902162816647278,0.107486863419067,0,126555,126363
64,Cottbus – Spree-Neiße,BB,gru,Grüne,FALSE,0,3,2.3,3.7,0.0368937109755229,0.054829915846865,0,126555,126363
64,Cottbus – Spree-Neiße,BB,spd,SPD,FALSE,0,19.5,17.1,21.7,0.276045994476231,0.285235668286516,1,126555,126363
65,Elbe-Elster – Oberspreewald-Lausitz,BB,afd,AfD,TRUE,100,42.2,38.3,46,0.246554520453495,0.24853307045956,0,127818,127631
65,Elbe-Elster – Oberspreewald-Lausitz,BB,oth,And.,FALSE,0,7.3,6.6,8.1,0.114870211782404,0.107347947863368,0,127818,127631
65,Elbe-Elster – Oberspreewald-Lausitz,BB,cdu,CDU/CSU,FALSE,0,16.4,14.1,18.5,0.163690639421457,0.150456117291774,0,127818,127631
65,Elbe-Elster – Oberspreewald-Lausitz,BB,fdp,FDP,FALSE,0,2.9,2.3,3.5,0.0883406069058458,0.0931324226634746,0,127818,127631
65,Elbe-Elster – Oberspreewald-Lausitz,BB,gru,Grüne,FALSE,0,2.1,1.6,2.7,0.0347564463179008,0.0420050384139949,0,127818,127631
65,Elbe-Elster – Oberspreewald-Lausitz,BB,spd,SPD,FALSE,0,18.9,16.6,21.1,0.258542203696594,0.286008230452675,1,127818,127631
66,Altmark – Jerichower Land,ST,afd,AfD,TRUE,90,32.4,28.8,35.9,0.193192831759184,0.191175261383546,0,158101,157863
66,Altmark – Jerichower Land,ST,oth,And.,FALSE,0,5,4.4,5.7,0.0723285380361453,0.0858248840930797,0,158101,157863
66,Altmark – Jerichower Land,ST,cdu,CDU/CSU,FALSE,9,24.3,21.4,27.1,0.232632092383903,0.214521097273262,0,158101,157863
66,Altmark – Jerichower Land,ST,fdp,FDP,FALSE,0,2.7,2.1,3.2,0.0807535647998581,0.0877666807926579,0,158101,157863
66,Altmark – Jerichower Land,ST,gru,Grüne,FALSE,0,3.1,2.3,3.7,0.0430943286267206,0.0536112991062675,0,158101,157863
66,Altmark – Jerichower Land,ST,spd,SPD,FALSE,1,18.7,16.5,20.8,0.272685809847779,0.273445455752968,1,158101,157863
67,Börde – Salzlandkreis,ST,afd,AfD,TRUE,94,36,32.3,39.7,0.22124755017909,0.216414436175453,0,148211,147970
67,Börde – Salzlandkreis,ST,oth,And.,FALSE,0,4.4,3.8,5,0.0631479353923093,0.0805540749337094,0,148211,147970
67,Börde – Salzlandkreis,ST,cdu,CDU/CSU,FALSE,5,24.9,21.9,27.7,0.24389403257417,0.219686797876001,1,148211,147970
67,Börde – Salzlandkreis,ST,fdp,FDP,FALSE,0,2.8,2.2,3.4,0.0828005676826384,0.0945746267146163,0,148211,147970
67,Börde – Salzlandkreis,ST,gru,Grüne,FALSE,0,2.3,1.7,2.8,0.0380144623910252,0.0439643481253078,0,148211,147970
67,Börde – Salzlandkreis,ST,spd,SPD,FALSE,0,16,13.9,17.9,0.236493883895384,0.252943438746112,0,148211,147970
68,Harz,ST,afd,AfD,TRUE,76,30.8,27.3,34.1,0.182302475811873,0.180882889456403,0,137050,136844
68,Harz,ST,oth,And.,FALSE,0,4.7,4.1,5.4,0.059425331033878,0.0853338197738052,0,137050,136844
68,Harz,ST,cdu,CDU/CSU,FALSE,23,26.8,23.8,29.7,0.276840782204554,0.222604888726742,1,137050,136844
68,Harz,ST,fdp,FDP,FALSE,0,2.6,2,3.2,0.0735435970886557,0.0914410798978475,0,137050,136844
68,Harz,ST,gru,Grüne,FALSE,0,3.2,2.5,3.9,0.0461839759141797,0.054688070047428,0,137050,136844
68,Harz,ST,spd,SPD,FALSE,1,17.9,15.7,20,0.254391862266522,0.272382342210872,0,137050,136844
69,Magdeburg,ST,afd,AfD,TRUE,78,26.1,22.9,29.2,0.150670993998403,0.150890696596818,0,155384,155292
69,Magdeburg,ST,oth,And.,FALSE,0,6.2,5.5,6.9,0.0884334028797362,0.094874633166864,0,155384,155292
69,Magdeburg,ST,cdu,CDU/CSU,FALSE,18,21.9,19.2,24.5,0.220082167787136,0.184703701796839,0,155384,155292
69,Magdeburg,ST,fdp,FDP,FALSE,0,2.9,2.2,3.5,0.0781688689694253,0.0944305720022654,0,155384,155292
69,Magdeburg,ST,gru,Grüne,FALSE,0,8.1,6.8,9.4,0.0926061870540659,0.105236060340833,0,155384,155292
69,Magdeburg,ST,spd,SPD,FALSE,3,18.4,16.2,20.5,0.252640187517709,0.264004015857489,1,155384,155292
70,Anhalt – Dessau – Wittenberg,ST,afd,AfD,TRUE,84,33.8,30.1,37.3,0.20873786407767,0.199136294729869,0,156998,156766
70,Anhalt – Dessau – Wittenberg,ST,oth,And.,FALSE,0,4.3,3.7,4.9,0.0503361698327443,0.0824914967069644,0,156998,156766
70,Anhalt – Dessau – Wittenberg,ST,cdu,CDU/CSU,FALSE,15,27.6,24.6,30.6,0.308523531888292,0.227060217327609,1,156998,156766
70,Anhalt – Dessau – Wittenberg,ST,fdp,FDP,FALSE,0,2.5,1.9,3.1,0.069766403429315,0.0909884202346527,0,156998,156766
70,Anhalt – Dessau – Wittenberg,ST,gru,Grüne,FALSE,0,3.4,2.6,4.1,0.0587053315132108,0.0535675613702085,0,156998,156766
70,Anhalt – Dessau – Wittenberg,ST,spd,SPD,FALSE,0,15.8,13.8,17.8,0.20336680147481,0.259302666276004,0,156998,156766
71,Halle,ST,afd,AfD,TRUE,84,26.5,23.3,29.6,0.16100838042541,0.155388113989702,0,161383,161209
71,Halle,ST,oth,And.,FALSE,0,4.6,3.9,5.2,0.0570563678206552,0.0829393430534815,0,161383,161209
71,Halle,ST,cdu,CDU/CSU,FALSE,14,21.2,18.6,23.7,0.210496932553393,0.184201557784897,0,161383,161209
71,Halle,ST,fdp,FDP,FALSE,0,3.1,2.4,3.7,0.0807709247002339,0.102290823692706,0,161383,161209
71,Halle,ST,gru,Grüne,FALSE,0,9.3,7.7,10.7,0.0805724246164916,0.126772956259333,0,161383,161209
71,Halle,ST,spd,SPD,FALSE,2,17.3,15.3,19.2,0.280840399729544,0.235167272885,1,161383,161209
72,Burgenland – Saalekreis,ST,afd,AfD,TRUE,98,40.6,36.8,44.4,0.257391032828534,0.246553811516323,0,141243,140914
72,Burgenland – Saalekreis,ST,oth,And.,FALSE,0,3.8,3.2,4.4,0.0337652752742808,0.0826872836175952,0,141243,140914
72,Burgenland – Saalekreis,ST,cdu,CDU/CSU,FALSE,2,24.1,21.2,26.8,0.258987751394468,0.211677746861791,1,141243,140914
72,Burgenland – Saalekreis,ST,fdp,FDP,FALSE,0,3.2,2.5,3.8,0.0933973913166896,0.102058155094412,0,141243,140914
72,Burgenland – Saalekreis,ST,gru,Grüne,FALSE,0,2.1,1.5,2.5,0.0350923258157458,0.0416657816670561,0,141243,140914
72,Burgenland – Saalekreis,ST,spd,SPD,FALSE,0,14.2,12.4,16,0.221823239706488,0.229703418930496,0,141243,140914
73,Mansfeld,ST,afd,AfD,TRUE,97,38.7,34.8,42.5,0.247941668992464,0.235362540920805,0,143570,143320
73,Mansfeld,ST,oth,And.,FALSE,0,3.8,3.2,4.3,0.0488766396874128,0.0770495228808247,0,143570,143320
73,Mansfeld,ST,cdu,CDU/CSU,FALSE,3,24.4,21.4,27.2,0.24905107451856,0.2182141115832,1,143570,143320
73,Mansfeld,ST,fdp,FDP,FALSE,0,2.8,2.1,3.3,0.0820680993580798,0.0955492094448701,0,143570,143320
73,Mansfeld,ST,gru,Grüne,FALSE,0,1.6,1.2,2,0.0283282165782864,0.0355784634672982,0,143570,143320
73,Mansfeld,ST,spd,SPD,FALSE,0,15,13,16.9,0.228146804353893,0.243128787351118,0,143570,143320
74,Berlin-Mitte,BE,afd,AfD,FALSE,0,8.8,7.2,10.3,0.0550673189315555,0.0562684169194303,0,138799,138594
74,Berlin-Mitte,BE,oth,And.,FALSE,0,5.7,5,6.4,0.07404360939146,0.0893666380881707,0,138799,138594
74,Berlin-Mitte,BE,cdu,CDU/CSU,FALSE,0,13.9,11.9,15.8,0.138649580789933,0.119064258388029,0,138799,138594
74,Berlin-Mitte,BE,fdp,FDP,FALSE,0,2.2,1.7,2.8,0.0609550196978224,0.0795394779501293,0,138799,138594
74,Berlin-Mitte,BE,gru,Grüne,TRUE,97,30,26.7,33.2,0.306239808361112,0.306097306176557,1,138799,138594
74,Berlin-Mitte,BE,spd,SPD,FALSE,0,14.9,12.9,16.7,0.220868147250242,0.208077867996167,0,138799,138594
75,Berlin-Pankow,BE,afd,AfD,TRUE,49,22.8,19.8,25.7,0.141820865701463,0.144601092733471,0,134342,134134
75,Berlin-Pankow,BE,oth,And.,FALSE,0,5.8,5.1,6.5,0.0838638972967331,0.0985916541364577,0,134342,134134
75,Berlin-Pankow,BE,cdu,CDU/CSU,FALSE,5,17.5,15.1,19.7,0.174743167280481,0.167148025189442,0,134342,134134
75,Berlin-Pankow,BE,fdp,FDP,FALSE,0,0.8,0.5,1,0.0303353363054856,0.0367122716648554,0,134342,134134
75,Berlin-Pankow,BE,gru,Grüne,FALSE,42,22.4,19.7,25,0.267784454351619,0.259308332464903,1,134342,134134
75,Berlin-Pankow,BE,spd,SPD,FALSE,0,9,7.7,10.2,0.159445032579361,0.150697473612124,0,134342,134134
76,Berlin-Reinickendorf,BE,afd,AfD,FALSE,2,20.2,17.5,22.8,0.112640879427799,0.113718379305417,0,111952,111709
76,Berlin-Reinickendorf,BE,oth,And.,FALSE,0,6.8,6.1,7.5,0.0913355235477893,0.0982921251965128,0,111952,111709
76,Berlin-Reinickendorf,BE,cdu,CDU/CSU,TRUE,97,33.9,30.7,37,0.295159745409949,0.264220380162927,1,111952,111709
76,Berlin-Reinickendorf,BE,fdp,FDP,FALSE,0,2.9,2.3,3.5,0.0745956010706389,0.0922806202658282,0,111952,111709
76,Berlin-Reinickendorf,BE,gru,Grüne,FALSE,0,13.8,11.9,15.5,0.138959260220752,0.156111547806203,0,111952,111709
76,Berlin-Reinickendorf,BE,spd,SPD,FALSE,0,16.8,14.8,18.6,0.240813184255521,0.229919965699586,0,111952,111709
77,Berlin-Spandau – Charlottenburg Nord,BE,afd,AfD,FALSE,5,19.4,16.7,21.8,0.103826732879856,0.106539952482181,0,119955,119815
77,Berlin-Spandau – Charlottenburg Nord,BE,oth,And.,FALSE,0,7.3,6.6,8.1,0.0754413053457414,0.108949189279313,0,119955,119815
77,Berlin-Spandau – Charlottenburg Nord,BE,cdu,CDU/CSU,TRUE,84,27.9,25,30.8,0.239093602637399,0.218065107748739,0,119955,119815
77,Berlin-Spandau – Charlottenburg Nord,BE,fdp,FDP,FALSE,0,3.4,2.7,4,0.0830780787046697,0.0983535492476345,0,119955,119815
77,Berlin-Spandau – Charlottenburg Nord,BE,gru,Grüne,FALSE,0,12.6,10.8,14.3,0.116880190293369,0.143328748280605,0,119955,119815
77,Berlin-Spandau – Charlottenburg Nord,BE,spd,SPD,FALSE,11,22.6,20.3,24.7,0.326019279722906,0.273877704139052,1,119955,119815
78,Berlin-Steglitz-Zehlendorf,BE,afd,AfD,FALSE,0,10.1,8.4,11.8,0.0547180049781175,0.0591815072532138,0,169580,169542
78,Berlin-Steglitz-Zehlendorf,BE,oth,And.,FALSE,0,4.4,3.8,5,0.0618607778603532,0.0683158391319731,0,169580,169542
78,Berlin-Steglitz-Zehlendorf,BE,cdu,CDU/CSU,TRUE,94,32.9,29.8,35.9,0.286241757204704,0.235316664701026,1,169580,169542
78,Berlin-Steglitz-Zehlendorf,BE,fdp,FDP,FALSE,0,4.4,3.5,5.2,0.0880548772575527,0.122732633565279,0,169580,169542
78,Berlin-Steglitz-Zehlendorf,BE,gru,Grüne,FALSE,5,23.1,20.5,25.6,0.222664590484954,0.226795612690176,0,169580,169542
78,Berlin-Steglitz-Zehlendorf,BE,spd,SPD,FALSE,1,18.7,16.6,20.7,0.24401623196612,0.239869088335889,0,169580,169542
79,Berlin-Charlottenburg-Wilmersdorf,BE,afd,AfD,FALSE,0,10,8.3,11.6,0.05357467985677,0.0603191222998657,0,131799,131816
79,Berlin-Charlottenburg-Wilmersdorf,BE,oth,And.,FALSE,0,3.6,3.1,4.2,0.0540753777993567,0.0616848382764664,0,131799,131816
79,Berlin-Charlottenburg-Wilmersdorf,BE,cdu,CDU/CSU,TRUE,68,28.9,25.8,31.8,0.250523456939977,0.220297574336679,0,131799,131816
79,Berlin-Charlottenburg-Wilmersdorf,BE,fdp,FDP,FALSE,0,3.5,2.7,4.2,0.0775474904412211,0.105721591210859,0,131799,131816
79,Berlin-Charlottenburg-Wilmersdorf,BE,gru,Grüne,FALSE,31,26.5,23.6,29.3,0.251251744856467,0.267080933846236,0,131799,131816
79,Berlin-Charlottenburg-Wilmersdorf,BE,spd,SPD,FALSE,1,17.8,15.8,19.7,0.255833889664381,0.219227763488342,1,131799,131816
80,Berlin-Tempelhof-Schöneberg,BE,afd,AfD,FALSE,0,10.9,9.1,12.6,0.0590890850722311,0.0644923171408662,0,169338,169456
80,Berlin-Tempelhof-Schöneberg,BE,oth,And.,FALSE,0,5.5,4.8,6.2,0.0674098291001794,0.0843579113961426,0,169338,169456
80,Berlin-Tempelhof-Schöneberg,BE,cdu,CDU/CSU,FALSE,41,24.5,21.8,27.1,0.223668680955528,0.187500738168633,0,169338,169456
80,Berlin-Tempelhof-Schöneberg,BE,fdp,FDP,FALSE,0,2.9,2.3,3.6,0.0710567935039184,0.0923183219360096,0,169338,169456
80,Berlin-Tempelhof-Schöneberg,BE,gru,Grüne,TRUE,55,25.3,22.6,28,0.251864790860164,0.252695791848256,0,169338,169456
80,Berlin-Tempelhof-Schöneberg,BE,spd,SPD,FALSE,4,19.5,17.3,21.5,0.26685393258427,0.243388961721527,1,169338,169456
81,Berlin-Neukölln,BE,afd,AfD,FALSE,1,12.8,10.8,14.6,0.0766490181418697,0.0767084334418053,0,131524,131078
81,Berlin-Neukölln,BE,oth,And.,FALSE,0,6.5,5.7,7.2,0.078655457056104,0.099510355524467,0,131524,131078
81,Berlin-Neukölln,BE,cdu,CDU/CSU,TRUE,45,20.5,17.9,22.9,0.192045957368895,0.170311121924516,0,131524,131078
81,Berlin-Neukölln,BE,fdp,FDP,FALSE,0,2.1,1.6,2.5,0.062863333282473,0.0708996076761656,0,131524,131078
81,Berlin-Neukölln,BE,gru,Grüne,FALSE,40,20.3,17.7,22.6,0.196753078319779,0.224095982482285,0,131524,131078
81,Berlin-Neukölln,BE,spd,SPD,FALSE,10,17.9,15.8,19.9,0.258472054807061,0.239484808856178,1,131524,131078
82,Berlin-Friedrichshain-Kreuzberg – Prenzlauer Berg Ost,BE,afd,AfD,FALSE,0,7.1,5.7,8.4,0.046774754063302,0.0492692079135202,0,149769,149632
82,Berlin-Friedrichshain-Kreuzberg – Prenzlauer Berg Ost,BE,oth,And.,FALSE,0,5.9,5.2,6.7,0.096670498289136,0.0880622825818427,0,149769,149632
82,Berlin-Friedrichshain-Kreuzberg – Prenzlauer Berg Ost,BE,cdu,CDU/CSU,FALSE,0,8.1,6.6,9.4,0.0849149914456801,0.0800566205289479,0,149769,149632
82,Berlin-Friedrichshain-Kreuzberg – Prenzlauer Berg Ost,BE,fdp,FDP,FALSE,0,1.3,0.9,1.6,0.0453378956372968,0.0523072197851358,0,149769,149632
82,Berlin-Friedrichshain-Kreuzberg – Prenzlauer Berg Ost,BE,gru,Grüne,TRUE,96,35,31,38.7,0.378274700598802,0.368213715788982,1,149769,149632
82,Berlin-Friedrichshain-Kreuzberg – Prenzlauer Berg Ost,BE,spd,SPD,FALSE,0,11.1,9.4,12.7,0.163173652694611,0.175777363806929,0,149769,149632
83,Berlin-Treptow-Köpenick,BE,afd,AfD,TRUE,63,20.4,17.5,23,0.116607750932382,0.125572720005719,0,153871,154175
83,Berlin-Treptow-Köpenick,BE,oth,And.,FALSE,0,6.6,5.8,7.4,0.0790854548402789,0.109039390138493,0,153871,154175
83,Berlin-Treptow-Köpenick,BE,cdu,CDU/CSU,FALSE,3,14.2,12.1,16.1,0.136312631749635,0.133631418525908,0,153871,154175
83,Berlin-Treptow-Köpenick,BE,fdp,FDP,FALSE,0,2,1.5,2.5,0.0580509161666937,0.0792222056137934,0,153871,154175
83,Berlin-Treptow-Köpenick,BE,gru,Grüne,FALSE,1,12,10.1,13.8,0.102519863791146,0.160433090055956,0,153871,154175
83,Berlin-Treptow-Köpenick,BE,spd,SPD,FALSE,2,13.3,11.4,15.2,0.153617642289606,0.231947540472214,0,153871,154175
84,Berlin-Marzahn-Hellersdorf,BE,afd,AfD,TRUE,87,27.5,24,30.8,0.160078131557061,0.173214927129745,0,130849,131061
84,Berlin-Marzahn-Hellersdorf,BE,oth,And.,FALSE,0,6.5,5.7,7.3,0.0745530707075331,0.114055132251679,0,130849,131061
84,Berlin-Marzahn-Hellersdorf,BE,cdu,CDU/CSU,FALSE,8,20.7,18.2,23.2,0.296915176902358,0.167269142293789,1,130849,131061
84,Berlin-Marzahn-Hellersdorf,BE,fdp,FDP,FALSE,0,1.5,1.1,1.9,0.0447043742989905,0.0716245443220812,0,130849,131061
84,Berlin-Marzahn-Hellersdorf,BE,gru,Grüne,FALSE,0,5.4,4.4,6.4,0.0615286011857074,0.0856483427462189,0,130849,131061
84,Berlin-Marzahn-Hellersdorf,BE,spd,SPD,FALSE,0,12.4,10.5,14.2,0.144215289063871,0.229203127268837,0,130849,131061
85,Berlin-Lichtenberg,BE,afd,AfD,TRUE,61,20.3,17.4,23.1,0.123416981439617,0.12691351378155,0,141167,141107
85,Berlin-Lichtenberg,BE,oth,And.,FALSE,0,7.5,6.6,8.3,0.102985677535487,0.116847421847882,0,141167,141107
85,Berlin-Lichtenberg,BE,cdu,CDU/CSU,FALSE,1,12.3,10.5,14.1,0.12540837803936,0.119652610029256,0,141167,141107
85,Berlin-Lichtenberg,BE,fdp,FDP,FALSE,0,1.8,1.3,2.2,0.0599757630734124,0.0693929884463083,0,141167,141107
85,Berlin-Lichtenberg,BE,gru,Grüne,FALSE,1,12.1,10.2,13.8,0.135918133047971,0.154264098549944,0,141167,141107
85,Berlin-Lichtenberg,BE,spd,SPD,FALSE,2,13.9,11.9,15.7,0.194271014194902,0.229536648083476,0,141167,141107
86,Aachen I,NW,afd,AfD,FALSE,0,6,4.7,7.1,0.0382541590779841,0.038961038961039,0,139293,138913
86,Aachen I,NW,oth,And.,FALSE,0,3.3,2.8,3.9,0.0389380403561942,0.0608645086257027,0,139293,138913
86,Aachen I,NW,cdu,CDU/CSU,FALSE,46,30.9,27.7,33.9,0.256001958060081,0.228094735557422,0,139293,138913
86,Aachen I,NW,fdp,FDP,FALSE,0,3.7,2.9,4.4,0.0785095707385198,0.107916406423869,0,139293,138913
86,Aachen I,NW,gru,Grüne,TRUE,53,31.3,28.2,34.3,0.301929984954612,0.290186872276425,1,139293,138913
86,Aachen I,NW,spd,SPD,FALSE,0,17.4,15.3,19.3,0.238185051075133,0.219594667355861,0,139293,138913
87,Aachen II,NW,afd,AfD,FALSE,0,13.2,11.1,15.1,0.0748398869581188,0.0733882557499985,0,169087,168787
87,Aachen II,NW,oth,And.,FALSE,0,3.2,2.7,3.8,0.0392862009514951,0.05990998716637,0,169087,168787
87,Aachen II,NW,cdu,CDU/CSU,TRUE,97,39.7,36.2,43,0.324716950950014,0.29474767427419,0,169087,168787
87,Aachen II,NW,fdp,FDP,FALSE,0,3.4,2.6,4.1,0.0714213772387684,0.105815349494639,0,169087,168787
87,Aachen II,NW,gru,Grüne,FALSE,0,10.9,9.2,12.4,0.118350346886905,0.117797346927913,0,169087,168787
87,Aachen II,NW,spd,SPD,FALSE,3,26.2,23.6,28.7,0.34474811448749,0.31586106560528,1,169087,168787
88,Heinsberg,NW,afd,AfD,FALSE,0,13.9,11.7,15.9,0.0762947139904953,0.0788978335914872,0,143971,143719
88,Heinsberg,NW,oth,And.,FALSE,0,4.2,3.6,4.8,0.0608339885470954,0.0673607879364594,0,143971,143719
88,Heinsberg,NW,cdu,CDU/CSU,TRUE,100,44.4,41,47.8,0.397268280463961,0.322745552923853,1,143971,143719
88,Heinsberg,NW,fdp,FDP,FALSE,0,3.6,2.8,4.3,0.0743882158935144,0.111293246556598,0,143971,143719
88,Heinsberg,NW,gru,Grüne,FALSE,0,10.3,8.7,11.8,0.106930885964973,0.117093025678783,0,143971,143719
88,Heinsberg,NW,spd,SPD,FALSE,0,20.2,17.9,22.4,0.259179370855628,0.269651527043641,0,143971,143719
89,Düren,NW,afd,AfD,FALSE,0,15.6,13.2,17.7,0.0852123892640419,0.0865778385449191,0,152129,151938
89,Düren,NW,oth,And.,FALSE,0,3.7,3.2,4.3,0.0505337703536969,0.0646030671338141,0,152129,151938
89,Düren,NW,cdu,CDU/CSU,TRUE,99,41.7,38.2,45,0.366721952375311,0.303801379092744,1,152129,151938
89,Düren,NW,fdp,FDP,FALSE,0,3.6,2.8,4.3,0.0739577985757348,0.112430897462022,0,152129,151938
89,Düren,NW,gru,Grüne,FALSE,0,9.5,7.9,10.9,0.0932880517053008,0.111425172057925,0,152129,151938
89,Düren,NW,spd,SPD,FALSE,1,22.8,20.3,25.1,0.307585989021838,0.289609476168252,0,152129,151938
90,Rhein-Erft-Kreis I,NW,afd,AfD,FALSE,0,12.4,10.4,14.3,0.070156981233772,0.0693739949638316,0,193401,192953
90,Rhein-Erft-Kreis I,NW,oth,And.,FALSE,0,3.6,3,4.2,0.0418910304581945,0.0643947032331787,0,193401,192953
90,Rhein-Erft-Kreis I,NW,cdu,CDU/CSU,TRUE,99,39.7,36.3,43,0.329795338761253,0.284734825569671,1,193401,192953
90,Rhein-Erft-Kreis I,NW,fdp,FDP,FALSE,0,4.6,3.6,5.4,0.0909133312257389,0.125268225086737,0,193401,192953
90,Rhein-Erft-Kreis I,NW,gru,Grüne,FALSE,0,13.5,11.5,15.2,0.131684918088861,0.142532872115449,0,193401,192953
90,Rhein-Erft-Kreis I,NW,spd,SPD,FALSE,1,22.9,20.5,25.2,0.305038014438749,0.282904431724758,0,193401,192953
91,Euskirchen – Rhein-Erft-Kreis II,NW,afd,AfD,FALSE,0,13.9,11.8,15.9,0.0786181158698626,0.0778673525936615,0,191274,190783
91,Euskirchen – Rhein-Erft-Kreis II,NW,oth,And.,FALSE,0,3.5,3,4.1,0.0477401026296892,0.0617752543471669,0,191274,190783
91,Euskirchen – Rhein-Erft-Kreis II,NW,cdu,CDU/CSU,TRUE,99,41.4,38,44.8,0.345843183092833,0.303653397743551,1,191274,190783
91,Euskirchen – Rhein-Erft-Kreis II,NW,fdp,FDP,FALSE,0,4.7,3.8,5.5,0.103809039589481,0.121887972228322,0,191274,190783
91,Euskirchen – Rhein-Erft-Kreis II,NW,gru,Grüne,FALSE,0,12.7,10.9,14.4,0.13106513683085,0.136772378891015,0,191274,190783
91,Euskirchen – Rhein-Erft-Kreis II,NW,spd,SPD,FALSE,0,20.5,18.2,22.7,0.266753327078408,0.266366573606449,0,191274,190783
92,Köln I,NW,afd,AfD,FALSE,0,10.4,8.7,12.1,0.0628665846470773,0.0597015990862364,0,140080,139804
92,Köln I,NW,oth,And.,FALSE,0,4.5,3.9,5.2,0.0574017910789391,0.0720588235294118,0,140080,139804
92,Köln I,NW,cdu,CDU/CSU,TRUE,62,26.5,23.6,29.2,0.226288232096363,0.197708452312964,0,140080,139804
92,Köln I,NW,fdp,FDP,FALSE,0,3.8,3,4.5,0.0821864896569483,0.107367218732153,0,140080,139804
92,Köln I,NW,gru,Grüne,FALSE,31,24.6,21.9,27.2,0.238941661182799,0.239156196459166,0,140080,139804
92,Köln I,NW,spd,SPD,FALSE,7,21.6,19.3,23.8,0.278854682269463,0.26365648201028,1,140080,139804
93,Köln II,NW,afd,AfD,FALSE,0,4,3,4.9,0.0273895373634077,0.0288303896091184,0,204333,203983
93,Köln II,NW,oth,And.,FALSE,0,3.4,2.8,3.9,0.0539064529887295,0.0544601214683874,0,204333,203983
93,Köln II,NW,cdu,CDU/CSU,FALSE,12,28.8,25.7,31.7,0.249618840785752,0.204734428604288,0,204333,203983
93,Köln II,NW,fdp,FDP,FALSE,0,4.6,3.7,5.5,0.0830951598907752,0.129543441343297,0,204333,203983
93,Köln II,NW,gru,Grüne,TRUE,88,35.9,32.7,39,0.346391611065628,0.31928273944982,1,204333,203983
93,Köln II,NW,spd,SPD,FALSE,0,16.2,14.1,18.1,0.196599716643054,0.21138533668081,0,204333,203983
94,Köln III,NW,afd,AfD,FALSE,0,8.5,7,10,0.0519998702436176,0.051009701946866,0,154402,154135
94,Köln III,NW,oth,And.,FALSE,0,4.3,3.7,4.9,0.0538164595971064,0.0700573826763902,0,154402,154135
94,Köln III,NW,cdu,CDU/CSU,FALSE,9,23.1,20.4,25.6,0.186031725435495,0.178009352210464,0,154402,154135
94,Köln III,NW,fdp,FDP,FALSE,0,2.9,2.3,3.5,0.0694715671327083,0.089668527609746,0,154402,154135
94,Köln III,NW,gru,Grüne,TRUE,86,29.8,26.8,32.8,0.282868913614688,0.287606378155723,0,154402,154135
94,Köln III,NW,spd,SPD,FALSE,4,21.8,19.5,24,0.299406364550556,0.258422818357275,1,154402,154135
95,Bonn,NW,afd,AfD,FALSE,0,6.6,5.3,7.9,0.0404540763673891,0.0420181735377676,0,184444,184110
95,Bonn,NW,oth,And.,FALSE,0,3.6,3.1,4.2,0.049964695019282,0.0610374964758951,0,184444,184110
95,Bonn,NW,cdu,CDU/CSU,TRUE,64,30.3,27.2,33.3,0.24372386073543,0.225277048860359,0,184444,184110
95,Bonn,NW,fdp,FDP,FALSE,0,5.3,4.4,6.2,0.126000760414969,0.118746069267637,0,184444,184110
95,Bonn,NW,gru,Grüne,FALSE,36,28.5,25.5,31.4,0.25238715985009,0.272028366333413,1,184444,184110
95,Bonn,NW,spd,SPD,FALSE,1,18.2,16.1,20.2,0.251213948183151,0.225765001843378,0,184444,184110
96,Rhein-Sieg-Kreis I,NW,afd,AfD,FALSE,0,13,10.9,14.9,0.0699591346411678,0.0728171969340128,0,186824,186466
96,Rhein-Sieg-Kreis I,NW,oth,And.,FALSE,0,4.3,3.7,4.9,0.0520952881490459,0.0706975549179977,0,186824,186466
96,Rhein-Sieg-Kreis I,NW,cdu,CDU/CSU,TRUE,99,38.3,35,41.5,0.325936095588472,0.275521346293838,1,186824,186466
96,Rhein-Sieg-Kreis I,NW,fdp,FDP,FALSE,0,4.4,3.5,5.3,0.089045724153465,0.123763542157325,0,186824,186466
96,Rhein-Sieg-Kreis I,NW,gru,Grüne,FALSE,0,14.8,12.8,16.7,0.140883592719316,0.156858861816469,0,186824,186466
96,Rhein-Sieg-Kreis I,NW,spd,SPD,FALSE,1,21.2,18.9,23.3,0.285376422511343,0.265110478311138,0,186824,186466
97,Rhein-Sieg-Kreis II,NW,afd,AfD,FALSE,0,10.4,8.6,12.1,0.0592345425507643,0.0601467327172915,0,175421,175320
97,Rhein-Sieg-Kreis II,NW,oth,And.,FALSE,0,3.5,3,4.1,0.0446383755418663,0.0623186505606512,0,175421,175320
97,Rhein-Sieg-Kreis II,NW,cdu,CDU/CSU,TRUE,100,42.7,39.4,46,0.400091261692904,0.295261114689803,1,175421,175320
97,Rhein-Sieg-Kreis II,NW,fdp,FDP,FALSE,0,4.5,3.5,5.4,0.0793634496919918,0.133592899367807,0,175421,175320
97,Rhein-Sieg-Kreis II,NW,gru,Grüne,FALSE,0,16.9,14.7,19,0.153753137120694,0.176871640225515,0,175421,175320
97,Rhein-Sieg-Kreis II,NW,spd,SPD,FALSE,0,18.3,16.1,20.3,0.23388090349076,0.238015973002092,0,175421,175320
98,Oberbergischer Kreis,NW,afd,AfD,FALSE,0,17.5,15,19.8,0.0950809743418272,0.0958632164059644,0,158674,158507
98,Oberbergischer Kreis,NW,oth,And.,FALSE,0,4.4,3.8,5,0.0503447797258165,0.0744797509358811,0,158674,158507
98,Oberbergischer Kreis,NW,cdu,CDU/CSU,TRUE,99,38.1,34.8,41.3,0.33914590522816,0.277411548205755,1,158674,158507
98,Oberbergischer Kreis,NW,fdp,FDP,FALSE,0,4.6,3.7,5.5,0.0986454856883292,0.12475893971287,0,158674,158507
98,Oberbergischer Kreis,NW,gru,Grüne,FALSE,0,11.4,9.7,12.9,0.119963156201303,0.125786203158678,0,158674,158507
98,Oberbergischer Kreis,NW,spd,SPD,FALSE,1,20.4,18.1,22.5,0.267880913776679,0.267296469490906,0,158674,158507
99,Rheinisch-Bergischer Kreis,NW,afd,AfD,FALSE,0,9.9,8.1,11.5,0.0542076726808821,0.0571417201073362,0,175896,175584
99,Rheinisch-Bergischer Kreis,NW,oth,And.,FALSE,0,3.6,3,4.2,0.0425893019865136,0.0631338973029517,0,175896,175584
99,Rheinisch-Bergischer Kreis,NW,cdu,CDU/CSU,TRUE,99,38.2,34.9,41.4,0.300220976854383,0.274162004821031,1,175896,175584
99,Rheinisch-Bergischer Kreis,NW,fdp,FDP,FALSE,0,7.2,6.2,8.1,0.168443593949335,0.138564833765407,0,175896,175584
99,Rheinisch-Bergischer Kreis,NW,gru,Grüne,FALSE,0,18.5,16.2,20.7,0.180118917441225,0.183545958975758,0,175896,175584
99,Rheinisch-Bergischer Kreis,NW,spd,SPD,FALSE,1,19.2,17,21.4,0.226825906688537,0.252586755810252,0,175896,175584
100,Leverkusen – Köln IV,NW,afd,AfD,FALSE,0,12.8,10.8,14.7,0.0706794972505892,0.0716732026143791,0,153000,152760
100,Leverkusen – Köln IV,NW,oth,And.,FALSE,0,4.3,3.7,5,0.0438269180413721,0.0744705882352941,0,153000,152760
100,Leverkusen – Köln IV,NW,cdu,CDU/CSU,FALSE,48,28,25,30.9,0.204222309505106,0.217294117647059,0,153000,152760
100,Leverkusen – Köln IV,NW,fdp,FDP,FALSE,0,3.4,2.7,4.1,0.0723356899711966,0.104124183006536,0,153000,152760
100,Leverkusen – Köln IV,NW,gru,Grüne,FALSE,1,17,14.7,19.2,0.11318407960199,0.191692810457516,0,153000,152760
100,Leverkusen – Köln IV,NW,spd,SPD,TRUE,51,28.1,25.7,30.4,0.456022518984027,0.291411764705882,1,153000,152760
101,Wuppertal I,NW,afd,AfD,FALSE,1,15.1,12.8,17.2,0.0827481063480456,0.0831505030983707,0,145399,144958
101,Wuppertal I,NW,oth,And.,FALSE,0,4.4,3.8,5.1,0.051794312835442,0.073865707467039,0,145399,144958
101,Wuppertal I,NW,cdu,CDU/CSU,TRUE,66,27.3,24.4,30.1,0.220477655596794,0.209953300916788,0,145399,144958
101,Wuppertal I,NW,fdp,FDP,FALSE,0,4.1,3.3,4.8,0.0948964527656287,0.109835693505457,0,145399,144958
101,Wuppertal I,NW,gru,Grüne,FALSE,1,15.9,13.7,17.9,0.130603347176424,0.174609178880185,0,145399,144958
101,Wuppertal I,NW,spd,SPD,FALSE,33,25.5,23.1,27.8,0.372970101684626,0.291755789242017,1,145399,144958
102,Solingen – Remscheid – Wuppertal II,NW,afd,AfD,FALSE,0,14.1,11.9,16.1,0.0761565484753255,0.0770937873725481,0,162218,161969
102,Solingen – Remscheid – Wuppertal II,NW,oth,And.,FALSE,0,4.1,3.4,4.7,0.0460705443634276,0.0691908419534207,0,162218,161969
102,Solingen – Remscheid – Wuppertal II,NW,cdu,CDU/CSU,TRUE,92,33.2,30,36.2,0.276460310306293,0.242963173014092,0,162218,161969
102,Solingen – Remscheid – Wuppertal II,NW,fdp,FDP,FALSE,0,5,4.1,5.9,0.10746500873624,0.124869003439816,0,162218,161969
102,Solingen – Remscheid – Wuppertal II,NW,gru,Grüne,FALSE,0,14.1,12.1,15.9,0.129450697355667,0.149773761234881,0,162218,161969
102,Solingen – Remscheid – Wuppertal II,NW,spd,SPD,FALSE,7,25,22.6,27.4,0.326309355493953,0.297106363042326,1,162218,161969
103,Mettmann I,NW,afd,AfD,FALSE,0,12.1,10.1,13.9,0.0677914576683386,0.0673244561235061,0,158308,157896
103,Mettmann I,NW,oth,And.,FALSE,0,3.1,2.6,3.7,0.0231988144094847,0.0641534224423276,0,158308,157896
103,Mettmann I,NW,cdu,CDU/CSU,TRUE,99,37.9,34.5,41.1,0.299728935501849,0.273858554210779,1,158308,157896
103,Mettmann I,NW,fdp,FDP,FALSE,0,4.9,4,5.8,0.0941949131073618,0.133177097809334,0,158308,157896
103,Mettmann I,NW,gru,Grüne,FALSE,0,17.8,15.7,19.8,0.228599837867964,0.160636228112287,0,158308,157896
103,Mettmann I,NW,spd,SPD,FALSE,1,20.6,18.3,22.8,0.249062674165273,0.267737574854082,0,158308,157896
104,Mettmann II,NW,afd,AfD,FALSE,0,13.4,11.3,15.3,0.0725466365408615,0.0740813071640139,0,122892,122597
104,Mettmann II,NW,oth,And.,FALSE,0,3.5,2.9,4.1,0.0422114733639485,0.0625752693421866,0,122892,122597
104,Mettmann II,NW,cdu,CDU/CSU,TRUE,98,37.7,34.4,40.9,0.313457914957136,0.2705953194675,1,122892,122597
104,Mettmann II,NW,fdp,FDP,FALSE,0,4.8,3.8,5.6,0.0910136463371861,0.132107867070273,0,122892,122597
104,Mettmann II,NW,gru,Grüne,FALSE,0,14.2,12.3,16,0.144620178307789,0.147381440614523,0,122892,122597
104,Mettmann II,NW,spd,SPD,FALSE,1,22.8,20.4,25.1,0.306981410638107,0.279993815708101,0,122892,122597
105,Düsseldorf I,NW,afd,AfD,FALSE,0,6.9,5.6,8.2,0.040253409064778,0.0429998336230587,0,174303,173948
105,Düsseldorf I,NW,oth,And.,FALSE,0,3.1,2.5,3.6,0.0410927403591878,0.0549273391737377,0,174303,173948
105,Düsseldorf I,NW,cdu,CDU/CSU,TRUE,97,37.2,33.9,40.4,0.31134591947018603,0.257551505137605,1,174303,173948
105,Düsseldorf I,NW,fdp,FDP,FALSE,0,7.2,6.1,8.3,0.139363487938924,0.159165361468248,0,174303,173948
105,Düsseldorf I,NW,gru,Grüne,FALSE,2,23.4,20.7,26,0.212281831351898,0.226341485803457,0,174303,173948
105,Düsseldorf I,NW,spd,SPD,FALSE,0,17.4,15.3,19.3,0.223946236806402,0.219129905968342,0,174303,173948
106,Düsseldorf II,NW,afd,AfD,FALSE,0,10.5,8.7,12.1,0.0582000085025579,0.0601207647491374,0,141432,141134
106,Düsseldorf II,NW,oth,And.,FALSE,0,4.1,3.5,4.7,0.0509303215383961,0.068011482549918,0,141432,141134
106,Düsseldorf II,NW,cdu,CDU/CSU,TRUE,89,30.1,27.1,33.1,0.246581263196678,0.223704677866395,0,141432,141134
106,Düsseldorf II,NW,fdp,FDP,FALSE,0,4.8,3.8,5.6,0.10020972976037,0.122567735731659,0,141432,141134
106,Düsseldorf II,NW,gru,Grüne,FALSE,8,22.6,20,25.1,0.213988124760866,0.22289156626506,0,141432,141134
106,Düsseldorf II,NW,spd,SPD,FALSE,3,21.4,19.2,23.5,0.291701503535647,0.252213077662764,1,141432,141134
107,Neuss I,NW,afd,AfD,FALSE,0,12.4,10.4,14.3,0.0672699642505699,0.0701887355093622,0,160966,160562
107,Neuss I,NW,oth,And.,FALSE,0,3.4,2.9,4,0.0353072333428831,0.0648956922579924,0,160966,160562
107,Neuss I,NW,cdu,CDU/CSU,TRUE,99,41.8,38.4,45.1,0.357774566833996,0.299230893480611,1,160966,160562
107,Neuss I,NW,fdp,FDP,FALSE,0,4.3,3.4,5.1,0.0805420958881927,0.126318601443783,0,160966,160562
107,Neuss I,NW,gru,Grüne,FALSE,0,12.3,10.5,14,0.112423861187579,0.136370413627723,0,160966,160562
107,Neuss I,NW,spd,SPD,FALSE,1,22.5,20.1,24.8,0.320069505860664,0.271858653380217,0,160966,160562
108,Mönchengladbach,NW,afd,AfD,FALSE,0,12.9,10.9,14.7,0.0774978700787094,0.0750827459989876,0,128405,127939
108,Mönchengladbach,NW,oth,And.,FALSE,0,3.8,3.2,4.4,0.0521107715395618,0.066975585062887,0,128405,127939
108,Mönchengladbach,NW,cdu,CDU/CSU,TRUE,99,38,34.7,41.1,0.356029045091802,0.284685175810911,1,128405,127939
108,Mönchengladbach,NW,fdp,FDP,FALSE,0,4,3.2,4.8,0.0856423764450246,0.120392508079903,0,128405,127939
108,Mönchengladbach,NW,gru,Grüne,FALSE,0,12.6,10.8,14.3,0.135236323560447,0.141474241657256,0,128405,127939
108,Mönchengladbach,NW,spd,SPD,FALSE,1,20.6,18.4,22.7,0.293483613284456,0.27161714886492,0,128405,127939
109,Krefeld I – Neuss II,NW,afd,AfD,FALSE,0,10.5,8.7,12.2,0.0593362125987316,0.0604292533992264,0,154594,154206
109,Krefeld I – Neuss II,NW,oth,And.,FALSE,0,3.4,2.8,4,0.0442265540899835,0.0598212091025525,0,154594,154206
109,Krefeld I – Neuss II,NW,cdu,CDU/CSU,TRUE,100,41.2,37.8,44.6,0.333968846867178,0.295192568922468,1,154594,154206
109,Krefeld I – Neuss II,NW,fdp,FDP,FALSE,0,6,5,7,0.121791629378883,0.14275457003506,0,154594,154206
109,Krefeld I – Neuss II,NW,gru,Grüne,FALSE,0,15.4,13.4,17.3,0.158119658119658,0.155335912131131,0,154594,154206
109,Krefeld I – Neuss II,NW,spd,SPD,FALSE,0,20,17.7,22.1,0.254549109632569,0.25490639998965,0,154594,154206
110,Viersen,NW,afd,AfD,FALSE,0,10.3,8.6,12,0.0594883036718682,0.0596079469588839,0,173752,173345
110,Viersen,NW,oth,And.,FALSE,0,3.6,3,4.1,0.0462199659638294,0.061846770109121,0,173752,173345
110,Viersen,NW,cdu,CDU/CSU,TRUE,100,42.7,39.3,46,0.35837780149413,0.304433905796768,1,173752,173345
110,Viersen,NW,fdp,FDP,FALSE,0,4.6,3.6,5.4,0.0873402751737864,0.128234495142502,0,173752,173345
110,Viersen,NW,gru,Grüne,FALSE,0,14.2,12.2,16,0.140725143499957,0.147756572586215,0,173752,173345
110,Viersen,NW,spd,SPD,FALSE,0,21.2,18.8,23.4,0.275785283682829,0.266903402550762,0,173752,173345
111,Kleve,NW,afd,AfD,FALSE,0,9.7,8,11.3,0.0577582391644292,0.0567365860267308,0,169767,169465
111,Kleve,NW,oth,And.,FALSE,0,2.8,2.3,3.3,0.0312807954444871,0.0554053496851567,0,169767,169465
111,Kleve,NW,cdu,CDU/CSU,TRUE,100,45,41.5,48.4,0.375894727524858,0.322754127716223,1,169767,169465
111,Kleve,NW,fdp,FDP,FALSE,0,4.1,3.3,4.9,0.0874575871123831,0.115110710562123,0,169767,169465
111,Kleve,NW,gru,Grüne,FALSE,0,13.3,11.4,15,0.138535980881008,0.138937484905783,0,169767,169465
111,Kleve,NW,spd,SPD,FALSE,0,22.1,19.7,24.4,0.284082258873514,0.281780322441935,0,169767,169465
112,Wesel I,NW,afd,AfD,FALSE,0,12.4,10.4,14.2,0.0681179907643012,0.0689291961604293,0,159497,159165
112,Wesel I,NW,oth,And.,FALSE,0,3.4,2.8,4,0.0465491785254296,0.0590481325667567,0,159497,159165
112,Wesel I,NW,cdu,CDU/CSU,TRUE,92,36.5,33.2,39.7,0.298105739327113,0.266738559345944,0,159497,159165
112,Wesel I,NW,fdp,FDP,FALSE,0,4.1,3.2,4.8,0.0907988565325291,0.108478529376728,0,159497,159165
112,Wesel I,NW,gru,Grüne,FALSE,0,12.2,10.5,13.9,0.125203405271259,0.129337855884437,0,159497,159165
112,Wesel I,NW,spd,SPD,FALSE,8,27.7,25,30.3,0.342336568969309,0.334031361091431,1,159497,159165
113,Krefeld II – Wesel II,NW,afd,AfD,FALSE,0,12.7,10.7,14.6,0.0696698033556944,0.0703512586513138,0,130616,130286
113,Krefeld II – Wesel II,NW,oth,And.,FALSE,0,3.7,3.1,4.3,0.0450700766007092,0.0636828566178722,0,130616,130286
113,Krefeld II – Wesel II,NW,cdu,CDU/CSU,TRUE,89,34,30.8,37.1,0.284243894201986,0.24741226189747,0,130616,130286
113,Krefeld II – Wesel II,NW,fdp,FDP,FALSE,0,4.1,3.2,4.8,0.0840765700075219,0.114067189318307,0,130616,130286
113,Krefeld II – Wesel II,NW,gru,Grüne,FALSE,0,14.2,12.2,16.1,0.133536987857483,0.14959116800392,0,130616,130286
113,Krefeld II – Wesel II,NW,spd,SPD,FALSE,11,27,24.4,29.5,0.351933438742459,0.317541495681999,1,130616,130286
114,Duisburg I,NW,afd,AfD,FALSE,0,15.7,13.4,17.8,0.0946538199181446,0.0833545929214076,0,117594,117280
114,Duisburg I,NW,oth,And.,FALSE,0,4.1,3.5,4.7,0.0285982264665757,0.0768236474650067,0,117594,117280
114,Duisburg I,NW,cdu,CDU/CSU,FALSE,18,25.9,23,28.6,0.20718792633015,0.196999846930966,0,117594,117280
114,Duisburg I,NW,fdp,FDP,FALSE,0,2.9,2.3,3.6,0.069943724420191,0.0900811265880912,0,117594,117280
114,Duisburg I,NW,gru,Grüne,FALSE,0,14.6,12.7,16.5,0.143050818553888,0.152320696634182,0,117594,117280
114,Duisburg I,NW,spd,SPD,TRUE,81,30.3,27.6,32.8,0.403427694406548,0.351276425667976,1,117594,117280
115,Duisburg II,NW,afd,AfD,FALSE,9,23.2,20.3,26,0.138014027621399,0.121791573184036,0,97166,96809
115,Duisburg II,NW,oth,And.,FALSE,0,4.7,4.1,5.4,0.0323317046968774,0.0867896177675319,0,97166,96809
115,Duisburg II,NW,cdu,CDU/CSU,FALSE,9,23.8,21.1,26.4,0.200435909884412,0.186978984418418,0,97166,96809
115,Duisburg II,NW,fdp,FDP,FALSE,0,2.6,2,3.2,0.0712846946048405,0.0814379515468374,0,97166,96809
115,Duisburg II,NW,gru,Grüne,FALSE,0,9.4,8,10.8,0.108646923323245,0.105870366177469,0,97166,96809
115,Duisburg II,NW,spd,SPD,TRUE,82,30.1,27.3,32.7,0.394198886467167,0.368873885927176,1,97166,96809
116,Oberhausen – Wesel III,NW,afd,AfD,FALSE,1,17.1,14.6,19.3,0.0946130194638062,0.0909551716475947,0,144016,143754
116,Oberhausen – Wesel III,NW,oth,And.,FALSE,0,4.5,3.9,5.1,0.0686937406959111,0.0677008110209977,0,144016,143754
116,Oberhausen – Wesel III,NW,cdu,CDU/CSU,FALSE,29,28.2,25.2,31.1,0.224529404399182,0.213656815909343,0,144016,143754
116,Oberhausen – Wesel III,NW,fdp,FDP,FALSE,0,3.1,2.4,3.7,0.0704815170360477,0.094246472614154,0,144016,143754
116,Oberhausen – Wesel III,NW,gru,Grüne,FALSE,0,11.6,9.9,13.1,0.11944711103691,0.124604210643262,0,144016,143754
116,Oberhausen – Wesel III,NW,spd,SPD,TRUE,70,30.8,28,33.4,0.388093548701254,0.368250749916676,1,144016,143754
117,Mülheim – Essen I,NW,afd,AfD,FALSE,0,15,12.7,17,0.0847164416778256,0.0803454819646581,0,138589,138155
117,Mülheim – Essen I,NW,oth,And.,FALSE,0,3.5,2.9,4.1,0.0423871738264992,0.0619313221107014,0,138589,138155
117,Mülheim – Essen I,NW,cdu,CDU/CSU,TRUE,74,31.4,28.3,34.5,0.239513589808548,0.23593503091876,0,138589,138155
117,Mülheim – Essen I,NW,fdp,FDP,FALSE,0,4,3.1,4.7,0.0860193261192139,0.10959022721861,0,138589,138155
117,Mülheim – Essen I,NW,gru,Grüne,FALSE,0,14.1,12.2,15.9,0.141486012087872,0.145985612133719,0,138589,138155
117,Mülheim – Essen I,NW,spd,SPD,FALSE,26,28.3,25.6,30.8,0.363128370308711,0.332522783193471,1,138589,138155
118,Essen II,NW,afd,AfD,FALSE,4,20.6,17.9,23.2,0.115309314958061,0.110344893639437,0,104409,104198
118,Essen II,NW,oth,And.,FALSE,0,4.7,4,5.3,0.0488493061287165,0.079360974628624,0,104409,104198
118,Essen II,NW,cdu,CDU/CSU,FALSE,32,26.2,23.4,29,0.227787481525557,0.201505617331839,0,104409,104198
118,Essen II,NW,fdp,FDP,FALSE,0,2.8,2.2,3.4,0.0669494616019501,0.091285234031549,0,104409,104198
118,Essen II,NW,gru,Grüne,FALSE,0,12.1,10.3,13.7,0.1213746904931,0.13381030370945,0,104409,104198
118,Essen II,NW,spd,SPD,TRUE,63,28,25.4,30.5,0.37822223075299,0.338696855635051,1,104409,104198
119,Essen III,NW,afd,AfD,FALSE,0,9.5,7.8,11.1,0.0541663648277543,0.0552271098163261,0,152063,151847
119,Essen III,NW,oth,And.,FALSE,0,3.4,2.8,3.9,0.0443143427265603,0.0588769128584863,0,152063,151847
119,Essen III,NW,cdu,CDU/CSU,TRUE,96,34.9,31.7,38.1,0.307118349391163,0.243668742560649,1,152063,151847
119,Essen III,NW,fdp,FDP,FALSE,0,3.9,3,4.7,0.0715917996404275,0.118339109448058,0,152063,151847
119,Essen III,NW,gru,Grüne,FALSE,1,20.4,17.9,22.7,0.189302389905629,0.202310884304532,0,152063,151847
119,Essen III,NW,spd,SPD,FALSE,3,22.9,20.5,25.2,0.300381304866082,0.280337754746388,0,152063,151847
120,Recklinghausen I,NW,afd,AfD,FALSE,1,16.8,14.4,19,0.091993793509737,0.0905024971632557,0,120737,120519
120,Recklinghausen I,NW,oth,And.,FALSE,0,3.4,2.8,3.9,0.0351064977306483,0.0634768132386924,0,120737,120519
120,Recklinghausen I,NW,cdu,CDU/CSU,TRUE,55,31,27.8,34,0.25593474887777,0.231809635820005,0,120737,120519
120,Recklinghausen I,NW,fdp,FDP,FALSE,0,3.2,2.5,3.9,0.0703706469519329,0.099298475198158,0,120737,120519
120,Recklinghausen I,NW,gru,Grüne,FALSE,0,11.3,9.6,12.9,0.106481135754528,0.12572782162883,0,120737,120519
120,Recklinghausen I,NW,spd,SPD,FALSE,44,30.3,27.5,32.9,0.410200881188858,0.352435458889984,1,120737,120519
121,Recklinghausen II,NW,afd,AfD,FALSE,1,17.1,14.6,19.4,0.0961180283631777,0.0915765917301701,0,136738,136374
121,Recklinghausen II,NW,oth,And.,FALSE,0,3.2,2.6,3.7,0.0285318315807999,0.062820869107344,0,136738,136374
121,Recklinghausen II,NW,cdu,CDU/CSU,TRUE,76,33.2,30,36.3,0.281028641823221,0.245798534423496,0,136738,136374
121,Recklinghausen II,NW,fdp,FDP,FALSE,0,3.5,2.8,4.2,0.0827357120858815,0.0992481972823941,0,136738,136374
121,Recklinghausen II,NW,gru,Grüne,FALSE,0,10.3,8.8,11.8,0.108789065364366,0.114284251634513,0,136738,136374
121,Recklinghausen II,NW,spd,SPD,FALSE,23,29.4,26.6,32,0.374338216962178,0.355153651508725,1,136738,136374
122,Gelsenkirchen,NW,afd,AfD,FALSE,10,24.3,21.2,27.2,0.140029167116776,0.127637396211495,0,111284,111084
122,Gelsenkirchen,NW,oth,And.,FALSE,0,4.4,3.7,5,0.0398977350473516,0.0786815714747852,0,111284,111084
122,Gelsenkirchen,NW,cdu,CDU/CSU,FALSE,11,25,22.2,27.7,0.197634222750351,0.198510118255994,0,111284,111084
122,Gelsenkirchen,NW,fdp,FDP,FALSE,0,3,2.4,3.7,0.0811457995750963,0.0873530786096833,0,111284,111084
122,Gelsenkirchen,NW,gru,Grüne,FALSE,0,8.8,7.4,10.1,0.101598790104786,0.100373818338665,0,111284,111084
122,Gelsenkirchen,NW,spd,SPD,TRUE,78,30.5,27.7,33.2,0.404783767239206,0.371356169799792,1,111284,111084
123,Steinfurt I – Borken I,NW,afd,AfD,FALSE,0,9,7.4,10.5,0.0544702603424139,0.0537779231524061,0,155919,155718
123,Steinfurt I – Borken I,NW,oth,And.,FALSE,0,2.1,1.6,2.5,0.0251094928010891,0.0458314894272026,0,155919,155718
123,Steinfurt I – Borken I,NW,cdu,CDU/CSU,TRUE,100,47.1,43.6,50.5,0.400223480907795,0.337514991758541,1,155919,155718
123,Steinfurt I – Borken I,NW,fdp,FDP,FALSE,0,4.2,3.4,5,0.0932133728920228,0.114052809471585,0,155919,155718
123,Steinfurt I – Borken I,NW,gru,Grüne,FALSE,0,12.1,10.3,13.8,0.120365018816065,0.131638863769008,0,155919,155718
123,Steinfurt I – Borken I,NW,spd,SPD,FALSE,0,22.3,19.8,24.7,0.282863894989661,0.287251714031003,0,155919,155718
124,Bottrop – Recklinghausen III,NW,afd,AfD,FALSE,1,17.4,14.9,19.8,0.0955169792882543,0.0941519952852875,0,147623,147356
124,Bottrop – Recklinghausen III,NW,oth,And.,FALSE,0,3.4,2.9,4,0.0373517196449415,0.0642786015729256,0,147623,147356
124,Bottrop – Recklinghausen III,NW,cdu,CDU/CSU,TRUE,76,33.1,29.8,36.2,0.270324927386737,0.249378484382515,0,147623,147356
124,Bottrop – Recklinghausen III,NW,fdp,FDP,FALSE,0,3.3,2.6,4,0.0770379217676918,0.0992189563956836,0,147623,147356
124,Bottrop – Recklinghausen III,NW,gru,Grüne,FALSE,0,9.9,8.3,11.3,0.102771519313771,0.111324116160761,0,147623,147356
124,Bottrop – Recklinghausen III,NW,spd,SPD,FALSE,23,29.4,26.7,32,0.390618637856619,0.349789666921821,1,147623,147356
125,Borken II,NW,afd,AfD,FALSE,0,7.8,6.3,9.2,0.049155060006588,0.0478930529030978,0,161276,160899
125,Borken II,NW,oth,And.,FALSE,0,2.1,1.6,2.5,0.027626026264924,0.0447679753962152,0,161276,160899
125,Borken II,NW,cdu,CDU/CSU,TRUE,100,51.1,47.6,54.5,0.437131368125346,0.366464942086857,1,161276,160899
125,Borken II,NW,fdp,FDP,FALSE,0,4.1,3.2,4.9,0.0833069192474782,0.118312706168308,0,161276,160899
125,Borken II,NW,gru,Grüne,FALSE,0,12.4,10.6,14.1,0.124475602707288,0.134787569136139,0,161276,160899
125,Borken II,NW,spd,SPD,FALSE,0,20,17.6,22.3,0.253892193239237,0.262301892408046,0,161276,160899
126,Coesfeld – Steinfurt II,NW,afd,AfD,FALSE,0,7.3,5.9,8.6,0.0452715291410851,0.0458166335793035,0,160182,159946
126,Coesfeld – Steinfurt II,NW,oth,And.,FALSE,0,2,1.5,2.4,0.0214947544796369,0.0452110724051392,0,160182,159946
126,Coesfeld – Steinfurt II,NW,cdu,CDU/CSU,TRUE,100,48.2,44.7,51.6,0.408900503920073,0.344795295351538,1,160182,159946
126,Coesfeld – Steinfurt II,NW,fdp,FDP,FALSE,0,3.8,2.9,4.5,0.0775824340714991,0.111916445043763,0,160182,159946
126,Coesfeld – Steinfurt II,NW,gru,Grüne,FALSE,0,15.8,13.7,17.7,0.169238367949183,0.15923137431172,0,160182,159946
126,Coesfeld – Steinfurt II,NW,spd,SPD,FALSE,0,20.2,17.8,22.5,0.250990959448814,0.266240900975141,0,160182,159946
127,Steinfurt III,NW,afd,AfD,FALSE,0,10.4,8.6,12,0.0569186811193251,0.0598775658116118,0,154532,154343
127,Steinfurt III,NW,oth,And.,FALSE,0,2.2,1.8,2.7,0.0280479192447989,0.0465793492609945,0,154532,154343
127,Steinfurt III,NW,cdu,CDU/CSU,TRUE,97,39.2,35.8,42.5,0.339795131622425,0.275205135505915,1,154532,154343
127,Steinfurt III,NW,fdp,FDP,FALSE,0,3.5,2.7,4.2,0.0738225899457701,0.104269665829731,0,154532,154343
127,Steinfurt III,NW,gru,Grüne,FALSE,0,15.3,13.3,17.2,0.155355280122843,0.155281753940931,0,154532,154343
127,Steinfurt III,NW,spd,SPD,FALSE,3,25.9,23.2,28.4,0.311436216738045,0.327149069448399,0,154532,154343
128,Münster,NW,afd,AfD,FALSE,0,3.9,3,4.8,0.0268004813231266,0.028666298297315,0,195456,195295
128,Münster,NW,oth,And.,FALSE,0,2.7,2.2,3.2,0.0430732993676233,0.0485940569744597,0,195456,195295
128,Münster,NW,cdu,CDU/CSU,FALSE,30,31,27.8,34,0.261634962492639,0.22404019318926,0,195456,195295
128,Münster,NW,fdp,FDP,FALSE,0,3.4,2.6,4.1,0.0667605417445403,0.106346185330714,0,195456,195295
128,Münster,NW,gru,Grüne,TRUE,70,33.8,30.6,36.9,0.323408177372693,0.307158644400786,1,195456,195295
128,Münster,NW,spd,SPD,FALSE,0,18.6,16.4,20.7,0.240902224839346,0.234548952193844,0,195456,195295
129,Warendorf,NW,afd,AfD,FALSE,0,11.1,9.2,12.8,0.0621239314939312,0.0639829427415534,0,164622,164365
129,Warendorf,NW,oth,And.,FALSE,0,2.5,2,3,0.0306756304566057,0.0515909173743485,0,164622,164365
129,Warendorf,NW,cdu,CDU/CSU,TRUE,99,43.4,40,46.8,0.362796215739361,0.314186439236554,1,164622,164365
129,Warendorf,NW,fdp,FDP,FALSE,0,3.7,2.9,4.5,0.0776807714537767,0.11051378309096,0,164622,164365
129,Warendorf,NW,gru,Grüne,FALSE,0,13.2,11.3,14.9,0.129255011711739,0.141591038864793,0,164622,164365
129,Warendorf,NW,spd,SPD,FALSE,1,23.1,20.6,25.5,0.308368569951024,0.289438835635577,0,164622,164365
130,Gütersloh I,NW,afd,AfD,FALSE,0,13.2,11.1,15.1,0.0719282289666633,0.0745676991051203,0,178348,178122
130,Gütersloh I,NW,oth,And.,FALSE,0,3.1,2.6,3.6,0.0409775322531748,0.0580326104021351,0,178348,178122
130,Gütersloh I,NW,cdu,CDU/CSU,TRUE,100,41.9,38.6,45.2,0.399641818528873,0.293925359409693,1,178348,178122
130,Gütersloh I,NW,fdp,FDP,FALSE,0,3.9,3,4.7,0.0758300490674931,0.118930405723641,0,178348,178122
130,Gütersloh I,NW,gru,Grüne,FALSE,0,14.5,12.4,16.4,0.128288476437498,0.158723394711463,0,178348,178122
130,Gütersloh I,NW,spd,SPD,FALSE,0,20.2,17.9,22.4,0.257565039691897,0.26560993114585,0,178348,178122
131,Bielefeld – Gütersloh II,NW,afd,AfD,FALSE,0,11.9,10,13.7,0.0668646390810599,0.0675922959552136,0,184163,183864
131,Bielefeld – Gütersloh II,NW,oth,And.,FALSE,0,3.6,3,4.1,0.0418515859548362,0.0639759343624941,0,184163,183864
131,Bielefeld – Gütersloh II,NW,cdu,CDU/CSU,TRUE,74,26.7,23.8,29.5,0.222599312535352,0.202836617561617,0,184163,183864
131,Bielefeld – Gütersloh II,NW,fdp,FDP,FALSE,0,4.3,3.4,5,0.0967726145411826,0.112172369042642,0,184163,183864
131,Bielefeld – Gütersloh II,NW,gru,Grüne,FALSE,12,22,19.5,24.4,0.217633685767741,0.218073120007819,0,184163,183864
131,Bielefeld – Gütersloh II,NW,spd,SPD,FALSE,13,22.5,20.2,24.6,0.300406822433973,0.271547487823287,1,184163,183864
132,Herford – Minden-Lübbecke II,NW,afd,AfD,FALSE,1,17.7,15.2,20.1,0.09391771019678,0.0954949839106568,0,169056,168818
132,Herford – Minden-Lübbecke II,NW,oth,And.,FALSE,0,3.7,3.1,4.2,0.0449833548555249,0.0643396271058111,0,169056,168818
132,Herford – Minden-Lübbecke II,NW,cdu,CDU/CSU,TRUE,82,31.6,28.4,34.6,0.267376701536566,0.235241576755631,0,169056,168818
132,Herford – Minden-Lübbecke II,NW,fdp,FDP,FALSE,0,4.1,3.2,4.8,0.0830539397457617,0.117617830777967,0,169056,168818
132,Herford – Minden-Lübbecke II,NW,gru,Grüne,FALSE,0,12,10.2,13.6,0.107156819770404,0.134464319515427,0,169056,168818
132,Herford – Minden-Lübbecke II,NW,spd,SPD,FALSE,17,26.8,24.2,29.2,0.36461751708941,0.315629140639788,1,169056,168818
133,Minden-Lübbecke I,NW,afd,AfD,FALSE,1,17,14.5,19.2,0.0887365030755828,0.0916528118649883,0,151572,151516
133,Minden-Lübbecke I,NW,oth,And.,FALSE,0,4,3.5,4.6,0.0521661078697959,0.0672155807141161,0,151572,151516
133,Minden-Lübbecke I,NW,cdu,CDU/CSU,TRUE,77,31.7,28.6,34.7,0.261879933472373,0.236283746338374,0,151572,151516
133,Minden-Lübbecke I,NW,fdp,FDP,FALSE,0,4,3.2,4.8,0.0824599382243459,0.115364315308896,0,151572,151516
133,Minden-Lübbecke I,NW,gru,Grüne,FALSE,0,11.6,9.9,13.2,0.104847012856728,0.130380281318449,0,151572,151516
133,Minden-Lübbecke I,NW,spd,SPD,FALSE,23,28.1,25.5,30.6,0.383906650122759,0.32559443696725,1,151572,151516
134,Lippe I,NW,afd,AfD,FALSE,2,18.2,15.7,20.5,0.0951350400281517,0.0982554090512726,0,170871,170505
134,Lippe I,NW,oth,And.,FALSE,0,4.1,3.5,4.7,0.0493357966042052,0.0690228300881952,0,170871,170505
134,Lippe I,NW,cdu,CDU/CSU,TRUE,86,30.5,27.5,33.5,0.261869153397261,0.228248210638435,0,170871,170505
134,Lippe I,NW,fdp,FDP,FALSE,0,4.5,3.6,5.3,0.097639365414504,0.118340736579057,0,170871,170505
134,Lippe I,NW,gru,Grüne,FALSE,0,13.5,11.7,15.2,0.157954312190258,0.136219721310228,0,170871,170505
134,Lippe I,NW,spd,SPD,FALSE,12,24.8,22.3,27.2,0.307081903756488,0.310936320382043,1,170871,170505
135,Höxter – Gütersloh III – Lippe II,NW,afd,AfD,FALSE,0,15.4,13.1,17.6,0.0845858722635974,0.0866569487857658,0,133088,132930
135,Höxter – Gütersloh III – Lippe II,NW,oth,And.,FALSE,0,3.2,2.6,3.7,0.0428044835627774,0.0593441933157009,0,133088,132930
135,Höxter – Gütersloh III – Lippe II,NW,cdu,CDU/CSU,TRUE,100,44.5,41.1,47.9,0.400917776273227,0.325085657610002,1,133088,132930
135,Höxter – Gütersloh III – Lippe II,NW,fdp,FDP,FALSE,0,3.6,2.8,4.4,0.07118032046942,0.116374128396249,0,133088,132930
135,Höxter – Gütersloh III – Lippe II,NW,gru,Grüne,FALSE,0,9.4,7.9,10.8,0.0954261641465433,0.110580968982929,0,133088,132930
135,Höxter – Gütersloh III – Lippe II,NW,spd,SPD,FALSE,0,20.8,18.5,23,0.279921763334086,0.272398713633085,0,133088,132930
136,Paderborn,NW,afd,AfD,FALSE,0,14.1,11.9,16.1,0.0743735756657261,0.0811381948446735,0,176982,176837
136,Paderborn,NW,oth,And.,FALSE,0,3,2.5,3.5,0.0407154611308719,0.0573730661875219,0,176982,176837
136,Paderborn,NW,cdu,CDU/CSU,TRUE,100,46.8,43.5,50.2,0.478796858123583,0.330084415364274,1,176982,176837
136,Paderborn,NW,fdp,FDP,FALSE,0,3.4,2.6,4.2,0.0556727381713103,0.123611440711485,0,176982,176837
136,Paderborn,NW,gru,Grüne,FALSE,0,13.6,11.7,15.4,0.129644814150885,0.152450531692489,0,176982,176837
136,Paderborn,NW,spd,SPD,FALSE,0,15.4,13.4,17.2,0.189513506788738,0.220864268682691,0,176982,176837
137,Hagen – Ennepe-Ruhr-Kreis I,NW,afd,AfD,FALSE,1,18,15.5,20.4,0.100761705101328,0.0958157218558725,0,143609,143100
137,Hagen – Ennepe-Ruhr-Kreis I,NW,oth,And.,FALSE,0,3.9,3.3,4.5,0.0456743535988819,0.0678160839501702,0,143609,143100
137,Hagen – Ennepe-Ruhr-Kreis I,NW,cdu,CDU/CSU,TRUE,83,31.8,28.7,34.9,0.263577917540182,0.23821626778266,0,143609,143100
137,Hagen – Ennepe-Ruhr-Kreis I,NW,fdp,FDP,FALSE,0,4.2,3.4,5,0.0945562543675751,0.11266007005132,0,143609,143100
137,Hagen – Ennepe-Ruhr-Kreis I,NW,gru,Grüne,FALSE,0,11.3,9.7,12.8,0.125464709993012,0.120027296339366,0,143609,143100
137,Hagen – Ennepe-Ruhr-Kreis I,NW,spd,SPD,FALSE,16,26.8,24.2,29.3,0.332501747030049,0.330062879067468,1,143609,143100
138,Ennepe-Ruhr-Kreis II,NW,afd,AfD,FALSE,0,13,11,14.9,0.0718398866035702,0.0711422254974208,0,135700,135454
138,Ennepe-Ruhr-Kreis II,NW,oth,And.,FALSE,0,4.1,3.5,4.7,0.0545867969938134,0.065858511422255,0,135700,135454
138,Ennepe-Ruhr-Kreis II,NW,cdu,CDU/CSU,TRUE,63,30,27,33,0.246260723197543,0.220007369196758,0,135700,135454
138,Ennepe-Ruhr-Kreis II,NW,fdp,FDP,FALSE,0,3.9,3.1,4.6,0.0851211481388516,0.106352247605011,0,135700,135454
138,Ennepe-Ruhr-Kreis II,NW,gru,Grüne,FALSE,0,16.1,14,18.1,0.160452995112732,0.16168754605748,0,135700,135454
138,Ennepe-Ruhr-Kreis II,NW,spd,SPD,FALSE,36,28.4,25.7,31,0.35431216501543,0.33650700073692,1,135700,135454
139,Bochum I,NW,afd,AfD,FALSE,0,12.5,10.6,14.3,0,0.0666197880042712,0,153588,152067
139,Bochum I,NW,oth,And.,FALSE,0,3.9,3.4,4.5,0.062893329913788,0.0625244159699977,0,153588,152067
139,Bochum I,NW,cdu,CDU/CSU,FALSE,28,25.3,22.5,27.9,0.216759717755989,0.194097195093367,0,153588,152067
139,Bochum I,NW,fdp,FDP,FALSE,0,3.5,2.8,4.2,0.0898090973057928,0.0949488241268849,0,153588,152067
139,Bochum I,NW,gru,Grüne,FALSE,3,19.5,17.1,21.7,0.186023266060355,0.200503945620752,0,153588,152067
139,Bochum I,NW,spd,SPD,TRUE,69,27.6,25.1,30.1,0.382956196939507,0.326601036539313,1,153588,152067
140,Herne – Bochum II,NW,afd,AfD,FALSE,1,18.3,15.7,20.7,0.0976298247057855,0.0975205390632053,0,121841,121510
140,Herne – Bochum II,NW,oth,And.,FALSE,0,4.3,3.7,4.9,0.0448028968809151,0.0739980794642198,0,121841,121510
140,Herne – Bochum II,NW,cdu,CDU/CSU,FALSE,7,24.8,22,27.5,0.197736811785038,0.190116627407851,0,121841,121510
140,Herne – Bochum II,NW,fdp,FDP,FALSE,0,2.8,2.2,3.4,0.0695827503909143,0.0871873999720948,0,121841,121510
140,Herne – Bochum II,NW,gru,Grüne,FALSE,0,11.7,10,13.2,0.117373055715579,0.126254709006,0,121841,121510
140,Herne – Bochum II,NW,spd,SPD,TRUE,92,32.9,30,35.5,0.434466299070035,0.382285109281769,1,121841,121510
141,Dortmund I,NW,afd,AfD,FALSE,0,12.6,10.6,14.4,0.0683639701129812,0.0693854359027338,0,154874,154716
141,Dortmund I,NW,oth,And.,FALSE,0,6.9,6.3,7.6,0.126315313219059,0.0777987267068714,0,154874,154716
141,Dortmund I,NW,cdu,CDU/CSU,FALSE,22,23.9,21.2,26.5,0.194233304894129,0.179481384867699,0,154874,154716
141,Dortmund I,NW,fdp,FDP,FALSE,0,3,2.3,3.7,0.0673233537578531,0.0939473378359182,0,154874,154716
141,Dortmund I,NW,gru,Grüne,FALSE,5,20.1,17.7,22.4,0.170040590501306,0.205760812014928,0,154874,154716
141,Dortmund I,NW,spd,SPD,TRUE,72,26.9,24.3,29.4,0.32987538457561,0.32359853816651,1,154874,154716
142,Dortmund II,NW,afd,AfD,FALSE,0,14.7,12.5,16.8,0.0828861437880988,0.079067161565936,0,142790,142557
142,Dortmund II,NW,oth,And.,FALSE,0,5,4.4,5.7,0.063329054343175,0.0760627494922614,0,142790,142557
142,Dortmund II,NW,cdu,CDU/CSU,FALSE,16,25.7,22.9,28.4,0.202704882959097,0.193641011275299,0,142790,142557
142,Dortmund II,NW,fdp,FDP,FALSE,0,3.2,2.5,3.8,0.0720413588950385,0.0954478604944324,0,142790,142557
142,Dortmund II,NW,gru,Grüne,FALSE,0,14.9,12.9,16.7,0.147505909916735,0.152069472652147,0,142790,142557
142,Dortmund II,NW,spd,SPD,TRUE,84,30.6,27.9,33.2,0.390685830930786,0.357728132222144,1,142790,142557
143,Unna I,NW,afd,AfD,FALSE,0,14.5,12.3,16.5,0.079966748659385,0.077775357978984,0,146936,146761
143,Unna I,NW,oth,And.,FALSE,0,3.2,2.6,3.7,0.0245501189007979,0.0634970327217292,0,146936,146761
143,Unna I,NW,cdu,CDU/CSU,FALSE,36,29.9,26.9,32.9,0.250815952466936,0.21774786301519,0,146936,146761
143,Unna I,NW,fdp,FDP,FALSE,0,3.2,2.4,3.9,0.0622576842621677,0.104031687265204,0,146936,146761
143,Unna I,NW,gru,Grüne,FALSE,0,13.3,11.5,15,0.138592677891265,0.136263407197692,0,146936,146761
143,Unna I,NW,spd,SPD,TRUE,64,31.6,28.8,34.3,0.407935350672181,0.364036042903033,1,146936,146761
144,Hamm – Unna II,NW,afd,AfD,FALSE,1,17.2,14.7,19.5,0.0931566218901899,0.0925591896218076,0,167428,167052
144,Hamm – Unna II,NW,oth,And.,FALSE,0,3,2.5,3.6,0.0248365778320523,0.0622595981556251,0,167428,167052
144,Hamm – Unna II,NW,cdu,CDU/CSU,TRUE,66,32.2,29,35.3,0.264983358475205,0.241560551401199,0,167428,167052
144,Hamm – Unna II,NW,fdp,FDP,FALSE,0,3.3,2.5,3.9,0.072181117256902,0.100126621592565,0,167428,167052
144,Hamm – Unna II,NW,gru,Grüne,FALSE,0,10.1,8.6,11.6,0.101513301247516,0.114371550756146,0,167428,167052
144,Hamm – Unna II,NW,spd,SPD,FALSE,33,30.2,27.4,32.8,0.405706007710174,0.353746087870607,1,167428,167052
145,Soest,NW,afd,AfD,FALSE,0,14.3,12.2,16.4,0.078850824744011,0.0798857329232015,0,177829,177449
145,Soest,NW,oth,And.,FALSE,0,2.6,2.1,3.1,0.0254946491668029,0.0561888105989462,0,177829,177449
145,Soest,NW,cdu,CDU/CSU,TRUE,99,39.7,36.3,43,0.331312095306257,0.290711863644287,1,177829,177449
145,Soest,NW,fdp,FDP,FALSE,0,4.5,3.6,5.3,0.100457032724896,0.118119091936636,0,177829,177449
145,Soest,NW,gru,Grüne,FALSE,0,12.4,10.6,14.1,0.124847139178017,0.135461595127904,0,177829,177449
145,Soest,NW,spd,SPD,FALSE,1,22.9,20.4,25.2,0.30777293757643,0.287135394114571,0,177829,177449
146,Hochsauerlandkreis,NW,afd,AfD,FALSE,0,12.9,10.8,14.8,0.0647805581114035,0.0741636333234723,0,155494,155417
146,Hochsauerlandkreis,NW,oth,And.,FALSE,0,3.1,2.6,3.7,0.0419130468352883,0.0576099399333736,0,155494,155417
146,Hochsauerlandkreis,NW,cdu,CDU/CSU,TRUE,100,46.3,42.8,49.7,0.404138543402588,0.334527377262145,1,155494,155417
146,Hochsauerlandkreis,NW,fdp,FDP,FALSE,0,3.8,2.9,4.6,0.0695290733960892,0.12033904845203,0,155494,155417
146,Hochsauerlandkreis,NW,gru,Grüne,FALSE,0,8.2,6.8,9.5,0.0802872272660005,0.0995086627136738,0,155494,155417
146,Hochsauerlandkreis,NW,spd,SPD,FALSE,0,23.1,20.7,25.5,0.322075448631746,0.287085032219893,0,155494,155417
147,Siegen-Wittgenstein,NW,afd,AfD,FALSE,0,16.7,14.3,19,0.0896869909094301,0.091361383371222,0,160998,160826
147,Siegen-Wittgenstein,NW,oth,And.,FALSE,0,4.2,3.6,4.9,0.0516334423538483,0.0710816283432092,0,160998,160826
147,Siegen-Wittgenstein,NW,cdu,CDU/CSU,TRUE,97,36.7,33.5,39.9,0.336027756706005,0.261872818295879,1,160998,160826
147,Siegen-Wittgenstein,NW,fdp,FDP,FALSE,0,4,3.2,4.8,0.0844763906333553,0.115510751686356,0,160998,160826
147,Siegen-Wittgenstein,NW,gru,Grüne,FALSE,0,9.8,8.3,11.2,0.103366371109149,0.110821252437918,0,160998,160826
147,Siegen-Wittgenstein,NW,spd,SPD,FALSE,3,24.3,21.7,26.7,0.304036660738935,0.312593945266401,0,160998,160826
148,Olpe – Märkischer Kreis I,NW,afd,AfD,FALSE,0,15.3,13,17.5,0.0854326396495071,0.085247053770718,0,153671,153384
148,Olpe – Märkischer Kreis I,NW,oth,And.,FALSE,0,2.9,2.3,3.4,0.0294098471809315,0.0588204671017954,0,153671,153384
148,Olpe – Märkischer Kreis I,NW,cdu,CDU/CSU,TRUE,100,44.3,40.8,47.7,0.370827465706984,0.327739131000644,1,153671,153384
148,Olpe – Märkischer Kreis I,NW,fdp,FDP,FALSE,0,4.8,3.9,5.6,0.103948260574767,0.125117946782412,0,153671,153384
148,Olpe – Märkischer Kreis I,NW,gru,Grüne,FALSE,0,8.3,6.9,9.6,0.0889597350440724,0.0991924305822179,0,153671,153384
148,Olpe – Märkischer Kreis I,NW,spd,SPD,FALSE,0,21.6,19.2,23.8,0.295767485526522,0.275666846704974,0,153671,153384
149,Märkischer Kreis II,NW,afd,AfD,FALSE,0,16.7,14.3,19,0.0907833777902569,0.091733984068215,0,142608,142460
149,Märkischer Kreis II,NW,oth,And.,FALSE,0,4.2,3.6,4.8,0.0558823529411765,0.0694631437226523,0,142608,142460
149,Märkischer Kreis II,NW,cdu,CDU/CSU,TRUE,98,38.8,35.5,42.1,0.336494454583743,0.283069673510602,1,142608,142460
149,Märkischer Kreis II,NW,fdp,FDP,FALSE,0,4.3,3.4,5,0.089491787168328,0.120084427241108,0,142608,142460
149,Märkischer Kreis II,NW,gru,Grüne,FALSE,0,8.9,7.4,10.2,0.0903130703355328,0.104341972399865,0,142608,142460
149,Märkischer Kreis II,NW,spd,SPD,FALSE,1,23.2,20.7,25.5,0.304267864663765,0.296126444519242,0,142608,142460
150,Nordsachsen,SN,afd,AfD,TRUE,99,45.1,41.2,48.9,0.277924616495984,0.272306529548137,1,117757,117665
150,Nordsachsen,SN,oth,And.,FALSE,0,5.4,4.7,6,0.0757064547656482,0.0947119916438089,0,117757,117665
150,Nordsachsen,SN,cdu,CDU/CSU,FALSE,1,21.3,18.6,23.9,0.228470658224621,0.195317475818847,0,117757,117665
150,Nordsachsen,SN,fdp,FDP,FALSE,0,3.1,2.5,3.7,0.0871202141673395,0.105946992535476,0,117757,117665
150,Nordsachsen,SN,gru,Grüne,FALSE,0,2.6,2,3.2,0.0499978753240131,0.0463836544748932,0,117757,117665
150,Nordsachsen,SN,spd,SPD,FALSE,0,12.5,10.7,14.1,0.189155653762801,0.210025730954423,0,117757,117665
151,Leipzig I,SN,afd,AfD,TRUE,92,26.5,23.2,29.5,0.159215539918255,0.155577187700924,0,166419,166127
151,Leipzig I,SN,oth,And.,FALSE,0,5.8,5.1,6.6,0.0691579333883113,0.0987567525342659,0,166419,166127
151,Leipzig I,SN,cdu,CDU/CSU,FALSE,5,18.2,15.9,20.3,0.205306783364534,0.149940812046701,1,166419,166127
151,Leipzig I,SN,fdp,FDP,FALSE,0,3.2,2.5,3.8,0.0806431224304297,0.106117690888661,0,166419,166127
151,Leipzig I,SN,gru,Grüne,FALSE,0,12.3,10.4,14,0.119053495217514,0.155318803742361,0,166419,166127
151,Leipzig I,SN,spd,SPD,FALSE,0,13.5,11.7,15.2,0.202182667477291,0.208798274235514,0,166419,166127
152,Leipzig II,SN,afd,AfD,TRUE,43,18.8,16.1,21.3,0.115162794844505,0.112396225470843,0,179837,179459
152,Leipzig II,SN,oth,And.,FALSE,0,5.3,4.6,6,0.0677313481073671,0.0903818457825698,0,179837,179459
152,Leipzig II,SN,cdu,CDU/CSU,FALSE,5,15,12.9,17,0.164594698510523,0.131013084070575,0,179837,179459
152,Leipzig II,SN,fdp,FDP,FALSE,0,2.8,2.2,3.4,0.0739500387275088,0.0969711460934068,0,179837,179459
152,Leipzig II,SN,gru,Grüne,FALSE,33,18.2,15.7,20.5,0.183858151444062,0.212770453243771,0,179837,179459
152,Leipzig II,SN,spd,SPD,FALSE,1,12.8,11,14.5,0.165670153071175,0.209267280926617,0,179837,179459
153,Leipzig-Land,SN,afd,AfD,TRUE,98,40.6,36.8,44.4,0.245555132581549,0.239692858077745,1,160447,160241
153,Leipzig-Land,SN,oth,And.,FALSE,0,5.6,5,6.3,0.0804600570390849,0.0941681676815397,0,160447,160241
153,Leipzig-Land,SN,cdu,CDU/CSU,FALSE,2,23,20.2,25.7,0.243795283354447,0.203874176519349,0,160447,160241
153,Leipzig-Land,SN,fdp,FDP,FALSE,0,3.7,2.9,4.3,0.0979649403086601,0.114193471987635,0,160447,160241
153,Leipzig-Land,SN,gru,Grüne,FALSE,0,3.5,2.7,4.2,0.0502742743742238,0.0584679052895972,0,160447,160241
153,Leipzig-Land,SN,spd,SPD,FALSE,0,13.2,11.4,14.8,0.199630556474311,0.212556171196719,0,160447,160241
154,Meißen,SN,afd,AfD,TRUE,100,48.7,44.8,52.6,0.309996812197752,0.297708578939523,1,147594,147437
154,Meißen,SN,oth,And.,FALSE,0,6.1,5.4,6.8,0.0975060534329917,0.100871309131808,0,147594,147437
154,Meißen,SN,cdu,CDU/CSU,FALSE,0,19.1,16.6,21.4,0.223308938733154,0.175562692250362,0,147594,147437
154,Meißen,SN,fdp,FDP,FALSE,0,3.5,2.7,4.1,0.0931041733079214,0.116617206661517,0,147594,147437
154,Meißen,SN,gru,Grüne,FALSE,0,3.4,2.6,4.1,0.0514796150220094,0.0601108446142797,0,147594,147437
154,Meißen,SN,spd,SPD,FALSE,0,9.9,8.4,11.3,0.154445627624002,0.176463812892123,0,147594,147437
155,Bautzen I,SN,afd,AfD,TRUE,100,50.7,46.8,54.6,0.334056702835142,0.318611224281931,1,157088,157135
155,Bautzen I,SN,oth,And.,FALSE,0,5.3,4.7,6,0.0754128615521685,0.0983206864941943,0,157088,157135
155,Bautzen I,SN,cdu,CDU/CSU,FALSE,0,20.2,17.6,22.7,0.260470296242085,0.18596582807089,0,157088,157135
155,Bautzen I,SN,fdp,FDP,FALSE,0,2.9,2.3,3.6,0.0804022019282782,0.109410012222449,0,157088,157135
155,Bautzen I,SN,gru,Grüne,FALSE,0,1.7,1.2,2.1,0.0260285741559805,0.0397675188429415,0,157088,157135
155,Bautzen I,SN,spd,SPD,FALSE,0,8.9,7.5,10.2,0.133681229516021,0.169802913016908,0,157088,157135
156,Görlitz,SN,afd,AfD,TRUE,100,52,48.1,55.8,0.357836669473489,0.325332962455213,1,150993,150823
156,Görlitz,SN,oth,And.,FALSE,0,5.1,4.4,5.7,0.0604682309727296,0.0998390653871371,0,150993,150823
156,Görlitz,SN,cdu,CDU/CSU,FALSE,0,19.9,17.3,22.3,0.260563707126897,0.182988615366275,0,150993,150823
156,Görlitz,SN,fdp,FDP,FALSE,0,2.6,2,3.1,0.0744050973657864,0.0996006437384515,0,150993,150823
156,Görlitz,SN,gru,Grüne,FALSE,0,2.4,1.8,3,0.0409884434071726,0.0487307358619274,0,150993,150823
156,Görlitz,SN,spd,SPD,FALSE,0,8.6,7.2,9.9,0.125498100422349,0.16849125456147,0,150993,150823
157,Sächsische Schweiz-Osterzgebirge,SN,afd,AfD,TRUE,100,51.7,47.8,55.6,0.330198172837233,0.319281780301537,1,152154,152039
157,Sächsische Schweiz-Osterzgebirge,SN,oth,And.,FALSE,0,6.2,5.4,6.9,0.0819460796243069,0.108515057113188,0,152154,152039
157,Sächsische Schweiz-Osterzgebirge,SN,cdu,CDU/CSU,FALSE,0,17.8,15.3,20.1,0.191898131400496,0.17106352774163,0,152154,152039
157,Sächsische Schweiz-Osterzgebirge,SN,fdp,FDP,FALSE,0,3.3,2.6,3.9,0.0849781963838226,0.117078749162033,0,152154,152039
157,Sächsische Schweiz-Osterzgebirge,SN,gru,Grüne,FALSE,0,2.8,2.1,3.4,0.0449226843112622,0.0527294714565506,0,152154,152039
157,Sächsische Schweiz-Osterzgebirge,SN,spd,SPD,FALSE,0,7.9,6.6,9.2,0.115134932484428,0.154744535142027,0,152154,152039
158,Dresden I,SN,afd,AfD,TRUE,97,30.8,27.3,34.1,0.188144344251795,0.178727618708478,0,179726,179543
158,Dresden I,SN,oth,And.,FALSE,0,5.5,4.8,6.2,0.0604479149841542,0.0973760056975618,0,179726,179543
158,Dresden I,SN,cdu,CDU/CSU,FALSE,2,18.7,16.4,20.9,0.210595790423464,0.154179139356576,1,179726,179543
158,Dresden I,SN,fdp,FDP,FALSE,0,4.2,3.4,4.9,0.10352951660605,0.122347350967584,0,179726,179543
158,Dresden I,SN,gru,Grüne,FALSE,0,11.5,9.6,13.1,0.0954478871356722,0.152281806750275,0,179726,179543
158,Dresden I,SN,spd,SPD,FALSE,0,11.2,9.6,12.7,0.146321494015361,0.189872361261031,0,179726,179543
159,Dresden II – Bautzen II,SN,afd,AfD,TRUE,99,32.3,28.7,35.8,0.186296335747763,0.191500226057818,0,188005,187760
159,Dresden II – Bautzen II,SN,oth,And.,FALSE,0,6.8,6.1,7.6,0.0902694929697486,0.107885428579027,0,188005,187760
159,Dresden II – Bautzen II,SN,cdu,CDU/CSU,FALSE,1,16.4,14.2,18.4,0.186482743928419,0.138490997579852,1,188005,187760
159,Dresden II – Bautzen II,SN,fdp,FDP,FALSE,0,4.2,3.4,5,0.110305709416276,0.121720167016835,0,188005,187760
159,Dresden II – Bautzen II,SN,gru,Grüne,FALSE,0,13.3,11.3,15.1,0.135955475074563,0.16629876864977,0,188005,187760
159,Dresden II – Bautzen II,SN,spd,SPD,FALSE,0,9.9,8.4,11.2,0.152854708138049,0.162868008829552,0,188005,187760
160,Mittelsachsen,SN,afd,AfD,TRUE,100,49.2,45.3,53.1,0.33435578612209,0.300160282755219,1,145992,145728
160,Mittelsachsen,SN,oth,And.,FALSE,0,4.4,3.8,5.1,0.0319499341238472,0.0970053153597457,0,145992,145728
160,Mittelsachsen,SN,cdu,CDU/CSU,FALSE,0,19.2,16.7,21.6,0.237689393939394,0.175372623157433,0,145992,145728
160,Mittelsachsen,SN,fdp,FDP,FALSE,0,3.5,2.8,4.2,0.0989514712340799,0.11573921858732,0,145992,145728
160,Mittelsachsen,SN,gru,Grüne,FALSE,0,2.3,1.7,2.9,0.0370416117698726,0.0467285878678284,0,145992,145728
160,Mittelsachsen,SN,spd,SPD,FALSE,0,10.7,9.2,12.2,0.176541227492314,0.184941640637843,0,145992,145728
161,Chemnitz,SN,afd,AfD,TRUE,99,36.3,32.6,40,0.21892068413611,0.215569677386999,0,139579,139329
161,Chemnitz,SN,oth,And.,FALSE,0,4.9,4.2,5.5,0.0559108297626481,0.0909305841136561,0,139579,139329
161,Chemnitz,SN,cdu,CDU/CSU,FALSE,0,16.6,14.4,18.7,0.185180400347379,0.148396248719363,0,139579,139329
161,Chemnitz,SN,fdp,FDP,FALSE,0,3.7,3,4.4,0.10000789498238,0.113061420414246,0,139579,139329
161,Chemnitz,SN,gru,Grüne,FALSE,0,6.2,5.1,7.3,0.071298868146617,0.0908446112953954,0,139579,139329
161,Chemnitz,SN,spd,SPD,FALSE,0,16,14.1,17.9,0.250902540031149,0.233674120032383,1,139579,139329
162,Chemnitzer Umland – Erzgebirgskreis II,SN,afd,AfD,TRUE,100,45.3,41.4,49.2,0.289218394360595,0.273425894603698,1,135982,135759
162,Chemnitzer Umland – Erzgebirgskreis II,SN,oth,And.,FALSE,0,6.3,5.6,7,0.0912204715709456,0.104425585739289,0,135982,135759
162,Chemnitzer Umland – Erzgebirgskreis II,SN,cdu,CDU/CSU,FALSE,0,20.1,17.6,22.6,0.236529438195626,0.181362239119884,0,135982,135759
162,Chemnitzer Umland – Erzgebirgskreis II,SN,fdp,FDP,FALSE,0,3.2,2.6,3.9,0.0874490825654284,0.111169125325411,0,135982,135759
162,Chemnitzer Umland – Erzgebirgskreis II,SN,gru,Grüne,FALSE,0,2.3,1.8,2.9,0.0413747891484174,0.0451383271315321,0,135982,135759
162,Chemnitzer Umland – Erzgebirgskreis II,SN,spd,SPD,FALSE,0,11.7,10,13.2,0.170751110423618,0.20236501889956,0,135982,135759
163,Erzgebirgskreis I,SN,afd,AfD,TRUE,100,49,45.1,52.9,0.317069500611304,0.305659786387697,1,159635,159495
163,Erzgebirgskreis I,SN,oth,And.,FALSE,0,6.4,5.7,7.1,0.0973949026615254,0.107564130673098,0,159635,159495
163,Erzgebirgskreis I,SN,cdu,CDU/CSU,FALSE,0,21.2,18.5,23.8,0.254239944825857,0.19632286152786,0,159635,159495
163,Erzgebirgskreis I,SN,fdp,FDP,FALSE,0,2.7,2.1,3.2,0.0746982664033355,0.101544147586682,0,159635,159495
163,Erzgebirgskreis I,SN,gru,Grüne,FALSE,0,1.4,1,1.7,0.0250854258754193,0.0325367244025433,0,159635,159495
163,Erzgebirgskreis I,SN,spd,SPD,FALSE,0,9.8,8.3,11.2,0.148280510360826,0.180712249819902,0,159635,159495
164,Zwickau,SN,afd,AfD,TRUE,99,41.6,37.7,45.5,0.255595782170585,0.251473760872851,1,145546,145288
164,Zwickau,SN,oth,And.,FALSE,0,5.8,5.1,6.5,0.0726419250041297,0.103122037019224,0,145546,145288
164,Zwickau,SN,cdu,CDU/CSU,FALSE,1,20.1,17.5,22.6,0.211978965915974,0.185673257939071,0,145546,145288
164,Zwickau,SN,fdp,FDP,FALSE,0,3.3,2.7,4,0.0962983866527174,0.106021464004507,0,145546,145288
164,Zwickau,SN,gru,Grüne,FALSE,0,2.6,2,3.2,0.04121469082099,0.0490154315474146,0,145546,145288
164,Zwickau,SN,spd,SPD,FALSE,0,12,10.3,13.6,0.165836132371565,0.211053550080387,0,145546,145288
165,Vogtlandkreis,SN,afd,AfD,TRUE,98,41.4,37.5,45.2,0.268049590794911,0.250560072864562,0,136143,135751
165,Vogtlandkreis,SN,oth,And.,FALSE,0,4.4,3.7,5,0.0330826292255674,0.0939012655810435,0,136143,135751
165,Vogtlandkreis,SN,cdu,CDU/CSU,FALSE,2,23.1,20.3,25.7,0.277250259666595,0.196719625687696,1,136143,135751
165,Vogtlandkreis,SN,fdp,FDP,FALSE,0,3,2.3,3.5,0.0848023218981812,0.100688246916845,0,136143,135751
165,Vogtlandkreis,SN,gru,Grüne,FALSE,0,2.5,1.9,3.1,0.0469830793143329,0.0460030996819521,0,136143,135751
165,Vogtlandkreis,SN,spd,SPD,FALSE,0,13.3,11.5,15,0.194569469101517,0.223559051879274,0,136143,135751
166,Waldeck,HE,afd,AfD,FALSE,1,17.8,15.2,20.1,0.0921832487682918,0.0948156097704402,0,136043,135990
166,Waldeck,HE,oth,And.,FALSE,0,3.8,3.2,4.4,0.0396279138171924,0.06750806730225,0,136043,135990
166,Waldeck,HE,cdu,CDU/CSU,TRUE,52,30.5,27.4,33.5,0.262769321273623,0.223399954426174,0,136043,135990
166,Waldeck,HE,fdp,FDP,FALSE,0,4.1,3.3,4.9,0.0886976983601735,0.112376233984843,0,136043,135990
166,Waldeck,HE,gru,Grüne,FALSE,0,9.7,8.2,11.1,0.099867637326274,0.108605367420595,0,136043,135990
166,Waldeck,HE,spd,SPD,FALSE,47,30.3,27.5,32.9,0.379535259945584,0.360650676624303,1,136043,135990
167,Kassel,HE,afd,AfD,FALSE,0,13.5,11.4,15.5,0.0706617848514284,0.0754901168321633,0,160829,160596
167,Kassel,HE,oth,And.,FALSE,0,4.2,3.6,4.9,0.0497770803756009,0.070752165343315,0,160829,160596
167,Kassel,HE,cdu,CDU/CSU,FALSE,17,23.2,20.5,25.8,0.204021270766395,0.175235809462224,0,160829,160596
167,Kassel,HE,fdp,FDP,FALSE,0,3.6,2.8,4.2,0.0807367555854442,0.102270112977137,0,160829,160596
167,Kassel,HE,gru,Grüne,FALSE,2,18.4,16.1,20.6,0.172756482104162,0.188697312051931,0,160829,160596
167,Kassel,HE,spd,SPD,TRUE,80,27.2,24.6,29.7,0.360650327529951,0.322155830105267,1,160829,160596
168,Werra-Meißner – Hersfeld-Rotenburg,HE,afd,AfD,FALSE,2,21.5,18.6,24.2,0.110074395536268,0.115472850433246,0,129026,129040
168,Werra-Meißner – Hersfeld-Rotenburg,HE,oth,And.,FALSE,0,3.6,3.1,4.2,0.0369032858028518,0.0678545409452358,0,129026,129040
168,Werra-Meißner – Hersfeld-Rotenburg,HE,cdu,CDU/CSU,FALSE,27,29.1,26.1,32,0.267568195908245,0.215979725016663,0,129026,129040
168,Werra-Meißner – Hersfeld-Rotenburg,HE,fdp,FDP,FALSE,0,2.8,2.1,3.4,0.0552929324240546,0.0992590640646071,0,129026,129040
168,Werra-Meißner – Hersfeld-Rotenburg,HE,gru,Grüne,FALSE,0,6.9,5.7,8.1,0.0622442653440794,0.0898656084820114,0,129026,129040
168,Werra-Meißner – Hersfeld-Rotenburg,HE,spd,SPD,TRUE,71,32,29.2,34.7,0.436942033477991,0.37650551051726,1,129026,129040
169,Schwalm-Eder,HE,afd,AfD,FALSE,2,20.3,17.6,22.9,0.103264538182027,0.108118789115548,0,139171,139254
169,Schwalm-Eder,HE,oth,And.,FALSE,0,4.6,3.9,5.2,0.0563646286641676,0.073212091599543,0,139171,139254
169,Schwalm-Eder,HE,cdu,CDU/CSU,FALSE,35,28.6,25.6,31.5,0.240158271934738,0.214937019925128,0,139171,139254
169,Schwalm-Eder,HE,fdp,FDP,FALSE,0,4,3.2,4.7,0.0878538497996467,0.110813315992556,0,139171,139254
169,Schwalm-Eder,HE,gru,Grüne,FALSE,0,8.7,7.3,10,0.0887586712051359,0.10123517112042,0,139171,139254
169,Schwalm-Eder,HE,spd,SPD,TRUE,63,30.2,27.5,32.8,0.39346805118704,0.359988790768192,1,139171,139254
170,Marburg,HE,afd,AfD,FALSE,1,16.2,13.9,18.4,0.0898856351461329,0.08952797838439,0,140269,140078
170,Marburg,HE,oth,And.,FALSE,0,3.4,2.8,4,0.0308685161124516,0.0666291197627416,0,140269,140078
170,Marburg,HE,cdu,CDU/CSU,TRUE,79,29.2,26.2,32.2,0.2607690001285,0.221303352843465,0,140269,140078
170,Marburg,HE,fdp,FDP,FALSE,0,3.2,2.5,3.9,0.0666343037450563,0.105433132053412,0,140269,140078
170,Marburg,HE,gru,Grüne,FALSE,0,14.5,12.5,16.4,0.133561301560559,0.159315315572222,0,140269,140078
170,Marburg,HE,spd,SPD,FALSE,20,25.5,23.1,27.8,0.368580362369537,0.300123334450235,1,140269,140078
171,Lahn-Dill,HE,afd,AfD,FALSE,3,21,18.2,23.7,0.104710516733424,0.115673712021136,0,151400,151045
171,Lahn-Dill,HE,oth,And.,FALSE,0,5,4.4,5.7,0.0598232314873051,0.080779392338177,0,151400,151045
171,Lahn-Dill,HE,cdu,CDU/CSU,TRUE,92,33.1,29.9,36.2,0.300844119302195,0.249174372523118,0,151400,151045
171,Lahn-Dill,HE,fdp,FDP,FALSE,0,3.8,3,4.5,0.0798437551722996,0.114445178335535,0,151400,151045
171,Lahn-Dill,HE,gru,Grüne,FALSE,0,9.4,7.9,10.8,0.0910589559402827,0.112001321003963,0,151400,151045
171,Lahn-Dill,HE,spd,SPD,FALSE,5,23.9,21.5,26.2,0.330517395478169,0.294227212681638,1,151400,151045
172,Gießen,HE,afd,AfD,FALSE,1,16.8,14.4,19,0.0907275856673447,0.0928980225670311,0,159702,159775
172,Gießen,HE,oth,And.,FALSE,0,5.3,4.6,6,0.0612423720857456,0.0837559955416964,0,159702,159775
172,Gießen,HE,cdu,CDU/CSU,TRUE,94,30.8,27.7,33.7,0.295934908465029,0.226678438591877,0,159702,159775
172,Gießen,HE,fdp,FDP,FALSE,0,3.5,2.7,4.2,0.0757878266312001,0.107111996092723,0,159702,159775
172,Gießen,HE,gru,Grüne,FALSE,0,14.8,12.8,16.7,0.132993271788453,0.163485742194838,0,159702,159775
172,Gießen,HE,spd,SPD,FALSE,5,22.3,20,24.5,0.303639493037083,0.275801179697186,1,159702,159775
173,Fulda,HE,afd,AfD,FALSE,2,24.3,21.2,27.2,0.151597439148857,0.132606490872211,0,161704,161665
173,Fulda,HE,oth,And.,FALSE,0,4.2,3.6,4.8,0.0465221290941144,0.076108197694553,0,161704,161665
173,Fulda,HE,cdu,CDU/CSU,TRUE,98,40.8,37.3,44.1,0.380867843998392,0.31113639736803,1,161704,161665
173,Fulda,HE,fdp,FDP,FALSE,0,4.2,3.3,5,0.0859431540531346,0.126948003759956,0,161704,161665
173,Fulda,HE,gru,Grüne,FALSE,0,8,6.6,9.3,0.085565830575573,0.100949883738188,0,161704,161665
173,Fulda,HE,spd,SPD,FALSE,0,15.8,13.8,17.6,0.217536263260446,0.224750160787612,0,161704,161665
174,Main-Kinzig – Wetterau II – Schotten,HE,afd,AfD,FALSE,9,23.5,20.5,26.3,0.130378695768216,0.126476447195954,0,135037,134884
174,Main-Kinzig – Wetterau II – Schotten,HE,oth,And.,FALSE,0,5.3,4.7,6,0.0530307523501675,0.0886201559572562,0,135037,134884
174,Main-Kinzig – Wetterau II – Schotten,HE,cdu,CDU/CSU,TRUE,88,31.4,28.3,34.4,0.275184603066338,0.24204477291409,0,135037,134884
174,Main-Kinzig – Wetterau II – Schotten,HE,fdp,FDP,FALSE,0,5,4,5.8,0.111933216689897,0.126232069729037,0,135037,134884
174,Main-Kinzig – Wetterau II – Schotten,HE,gru,Grüne,FALSE,0,9.3,7.9,10.7,0.0940882536105098,0.111147315180284,0,135037,134884
174,Main-Kinzig – Wetterau II – Schotten,HE,spd,SPD,FALSE,3,21.9,19.7,24.1,0.305151092790843,0.273576871524101,1,135037,134884
175,Hochtaunus,HE,afd,AfD,FALSE,0,14.2,12,16.2,0.0751740888414668,0.0781878583142933,0,142682,142456
175,Hochtaunus,HE,oth,And.,FALSE,0,4.2,3.6,4.9,0.0498469702925816,0.0707937931904515,0,142682,142456
175,Hochtaunus,HE,cdu,CDU/CSU,TRUE,99,36.7,33.5,39.8,0.312721120907508,0.26163776790345,1,142682,142456
175,Hochtaunus,HE,fdp,FDP,FALSE,0,6.2,5.1,7.2,0.113241983489639,0.154161001387701,0,142682,142456
175,Hochtaunus,HE,gru,Grüne,FALSE,0,15.3,13.3,17.2,0.152812096366597,0.15759521172958,0,142682,142456
175,Hochtaunus,HE,spd,SPD,FALSE,1,19.8,17.6,21.9,0.269725388892009,0.246499208029044,0,142682,142456
176,Wetterau I,HE,afd,AfD,FALSE,1,15.6,13.3,17.8,0.0826583896293591,0.0850958421064135,0,137257,136925
176,Wetterau I,HE,oth,And.,FALSE,0,5.4,4.7,6,0.0604856673361329,0.0829393036420729,0,137257,136925
176,Wetterau I,HE,cdu,CDU/CSU,TRUE,96,32.3,29.2,35.4,0.283417929523462,0.236191961065738,0,137257,136925
176,Wetterau I,HE,fdp,FDP,FALSE,0,5.5,4.5,6.4,0.109549023187877,0.138739736406886,0,137257,136925
176,Wetterau I,HE,gru,Grüne,FALSE,0,15.1,13,17,0.138732882965127,0.159678559199167,0,137257,136925
176,Wetterau I,HE,spd,SPD,FALSE,3,21.9,19.7,24,0.296644148256345,0.261618715256781,1,137257,136925
177,Rheingau-Taunus – Limburg,HE,afd,AfD,FALSE,0,15.5,13.1,17.6,0.079697611483704,0.0851878790722774,0,170482,169980
177,Rheingau-Taunus – Limburg,HE,oth,And.,FALSE,0,4.8,4.2,5.5,0.053571008353924,0.0784247017280417,0,170482,169980
177,Rheingau-Taunus – Limburg,HE,cdu,CDU/CSU,TRUE,98,35.9,32.7,39,0.301906106600777,0.2605143064957,1,170482,169980
177,Rheingau-Taunus – Limburg,HE,fdp,FDP,FALSE,0,5.4,4.4,6.3,0.106636074832333,0.139281566382375,0,170482,169980
177,Rheingau-Taunus – Limburg,HE,gru,Grüne,FALSE,0,14.2,12.3,16,0.143652194375809,0.1485670041412,0,170482,169980
177,Rheingau-Taunus – Limburg,HE,spd,SPD,FALSE,1,20.6,18.4,22.7,0.284980585951288,0.256378972560153,0,170482,169980
178,Wiesbaden,HE,afd,AfD,FALSE,0,12.7,10.7,14.6,0.0682876819184738,0.0710927883973722,0,134866,134607
178,Wiesbaden,HE,oth,And.,FALSE,0,5.1,4.4,5.7,0.0656132296240166,0.0764907389557042,0,134866,134607
178,Wiesbaden,HE,cdu,CDU/CSU,TRUE,94,29.7,26.7,32.5,0.262802083101176,0.211491406284757,1,134866,134607
178,Wiesbaden,HE,fdp,FDP,FALSE,0,5.4,4.4,6.4,0.103969332947024,0.14048759509439,0,134866,134607
178,Wiesbaden,HE,gru,Grüne,FALSE,3,20,17.6,22.2,0.19175080047843,0.198849228122729,0,134866,134607
178,Wiesbaden,HE,spd,SPD,FALSE,2,19.7,17.5,21.7,0.258158936756632,0.248735782183797,0,134866,134607
179,Hanau,HE,afd,AfD,FALSE,2,19.1,16.5,21.5,0.103295819935691,0.102250640175238,0,129652,129376
179,Hanau,HE,oth,And.,FALSE,0,4.9,4.3,5.6,0.041012243383626,0.0853746953382902,0,129652,129376
179,Hanau,HE,cdu,CDU/CSU,TRUE,91,30.6,27.6,33.5,0.27840557754143,0.225395674575016,0,129652,129376
179,Hanau,HE,fdp,FDP,FALSE,0,5,4.1,5.9,0.10130163245115,0.132338876376762,0,129652,129376
179,Hanau,HE,gru,Grüne,FALSE,0,12.9,11.1,14.6,0.123631894632698,0.140823126523309,0,129652,129376
179,Hanau,HE,spd,SPD,FALSE,6,22.9,20.6,25,0.311425612169181,0.275653287261284,1,129652,129376
180,Main-Taunus,HE,afd,AfD,FALSE,0,12,10.1,13.8,0.0678996511389288,0.0667195628387328,0,156281,155936
180,Main-Taunus,HE,oth,And.,FALSE,0,4.3,3.6,4.9,0.044441309255079,0.0723824393240381,0,156281,155936
180,Main-Taunus,HE,cdu,CDU/CSU,TRUE,100,38.7,35.4,41.9,0.333373948286476,0.270410350586444,1,156281,155936
180,Main-Taunus,HE,fdp,FDP,FALSE,0,7.2,6,8.2,0.130149548532731,0.168510567503407,0,156281,155936
180,Main-Taunus,HE,gru,Grüne,FALSE,0,17.1,15,19.2,0.169127077775498,0.171300413997863,0,156281,155936
180,Main-Taunus,HE,spd,SPD,FALSE,0,17.3,15.3,19.2,0.227612610301662,0.220551442593789,0,156281,155936
181,Frankfurt am Main I,HE,afd,AfD,FALSE,0,9.4,7.7,10.9,0.0551138303728842,0.0545759340024902,0,143763,143503
181,Frankfurt am Main I,HE,oth,And.,FALSE,0,5.1,4.4,5.8,0.0485982871438228,0.0830324909747292,0,143763,143503
181,Frankfurt am Main I,HE,cdu,CDU/CSU,TRUE,60,24.5,21.8,27.1,0.217159223152129,0.180261958918498,0,143763,143503
181,Frankfurt am Main I,HE,fdp,FDP,FALSE,0,6,5,7,0.114067301728884,0.148584823633341,0,143763,143503
181,Frankfurt am Main I,HE,gru,Grüne,FALSE,34,23.1,20.4,25.6,0.187605834024376,0.235255246482057,0,143763,143503
181,Frankfurt am Main I,HE,spd,SPD,FALSE,6,19.9,17.8,21.9,0.28991728395922,0.226059556353165,1,143763,143503
182,Frankfurt am Main II,HE,afd,AfD,FALSE,0,7.8,6.3,9.2,0.0461177937339829,0.0471520463458316,0,173651,173252
182,Frankfurt am Main II,HE,oth,And.,FALSE,0,4.2,3.5,4.8,0.0300775748620507,0.0761585018226212,0,173651,173252
182,Frankfurt am Main II,HE,cdu,CDU/CSU,FALSE,24,25.2,22.3,27.8,0.225076766790571,0.182319710223379,0,173651,173252
182,Frankfurt am Main II,HE,fdp,FDP,FALSE,0,6,5,7,0.114088149054556,0.147019020909756,0,173651,173252
182,Frankfurt am Main II,HE,gru,Grüne,TRUE,75,28.4,25.6,31.1,0.28992450303604,0.255512493449505,1,173651,173252
182,Frankfurt am Main II,HE,spd,SPD,FALSE,1,17.7,15.6,19.7,0.233365271396578,0.223304213623878,0,173651,173252
183,Groß-Gerau,HE,afd,AfD,FALSE,1,16.2,13.9,18.4,0.0854432367908525,0.0881458490092802,0,127584,127336
183,Groß-Gerau,HE,oth,And.,FALSE,0,6,5.3,6.8,0.0617343092291261,0.0920413217958365,0,127584,127336
183,Groß-Gerau,HE,cdu,CDU/CSU,TRUE,83,29.7,26.7,32.5,0.277486335364704,0.213984512164535,0,127584,127336
183,Groß-Gerau,HE,fdp,FDP,FALSE,0,4.1,3.3,4.9,0.0842338380348056,0.117561763230499,0,127584,127336
183,Groß-Gerau,HE,gru,Grüne,FALSE,0,13.5,11.6,15.2,0.116934723880128,0.148357160772511,0,127584,127336
183,Groß-Gerau,HE,spd,SPD,FALSE,16,25.1,22.7,27.4,0.33453226110448,0.297631364434412,1,127584,127336
184,Offenbach,HE,afd,AfD,FALSE,0,14,11.8,16,0.0761040578984209,0.077643857419744,0,155814,155721
184,Offenbach,HE,oth,And.,FALSE,0,5.9,5.2,6.6,0.0702153209907463,0.0878547498941045,0,155814,155721
184,Offenbach,HE,cdu,CDU/CSU,TRUE,97,31.8,28.8,34.7,0.278363226539773,0.22946590165197,1,155814,155721
184,Offenbach,HE,fdp,FDP,FALSE,0,4.9,3.9,5.7,0.0952215821886579,0.132369363471832,0,155814,155721
184,Offenbach,HE,gru,Grüne,FALSE,1,17,14.8,19,0.168435856435548,0.173681440692107,0,155814,155721
184,Offenbach,HE,spd,SPD,FALSE,2,19.6,17.4,21.6,0.263516160312354,0.249008433131811,0,155814,155721
185,Darmstadt,HE,afd,AfD,FALSE,0,11.5,9.6,13.2,0.0601220676413485,0.0651987937635007,0,187028,186454
185,Darmstadt,HE,oth,And.,FALSE,0,5.5,4.8,6.2,0.0553219560856833,0.0861956498492204,0,187028,186454
185,Darmstadt,HE,cdu,CDU/CSU,TRUE,59,25.2,22.4,27.8,0.227139133512824,0.184314648074085,0,187028,186454
185,Darmstadt,HE,fdp,FDP,FALSE,0,4.4,3.6,5.2,0.0922050478938505,0.118998224864726,0,187028,186454
185,Darmstadt,HE,gru,Grüne,FALSE,30,23.5,20.9,25.9,0.237935362073219,0.224287272493958,0,187028,186454
185,Darmstadt,HE,spd,SPD,FALSE,11,21.6,19.3,23.7,0.273772619520096,0.263452531171803,1,187028,186454
186,Odenwald,HE,afd,AfD,FALSE,1,16.5,14.1,18.8,0.0846275663141225,0.0902351998012714,0,177126,176810
186,Odenwald,HE,oth,And.,FALSE,0,5.5,4.8,6.2,0.058277246762061,0.086424353285232,0,177126,176810
186,Odenwald,HE,cdu,CDU/CSU,TRUE,94,32.6,29.5,35.7,0.279209320739777,0.241957702426521,0,177126,176810
186,Odenwald,HE,fdp,FDP,FALSE,0,4.7,3.8,5.6,0.0967705446524518,0.126649955398982,0,177126,176810
186,Odenwald,HE,gru,Grüne,FALSE,0,12.8,11,14.5,0.12233470957525,0.139414879803078,0,177126,176810
186,Odenwald,HE,spd,SPD,FALSE,5,23.6,21.2,25.8,0.323352751541202,0.279563700416653,1,177126,176810
187,Bergstraße,HE,afd,AfD,FALSE,1,17.6,15.1,20,0.0948826446280992,0.0949334072885508,0,151443,151250
187,Bergstraße,HE,oth,And.,FALSE,0,5,4.4,5.7,0.0528,0.0816148649987124,0,151443,151250
187,Bergstraße,HE,cdu,CDU/CSU,TRUE,97,34.1,31,37.2,0.30495867768595,0.244738944685459,1,151443,151250
187,Bergstraße,HE,fdp,FDP,FALSE,0,5.3,4.3,6.2,0.106942148760331,0.134915446735736,0,151443,151250
187,Bergstraße,HE,gru,Grüne,FALSE,0,13.4,11.6,15.1,0.138545454545455,0.141683669763541,0,151443,151250
187,Bergstraße,HE,spd,SPD,FALSE,2,21.1,18.8,23.3,0.271894214876033,0.271547711019988,0,151443,151250
188,Eichsfeld – Nordhausen – Kyffhäuserkreis,TH,afd,AfD,TRUE,95,36.7,32.9,40.4,0.226631020156947,0.224301219863606,0,156165,155976
188,Eichsfeld – Nordhausen – Kyffhäuserkreis,TH,oth,And.,FALSE,0,4.1,3.5,4.6,0.0682092116735908,0.0746902314859283,0,156165,155976
188,Eichsfeld – Nordhausen – Kyffhäuserkreis,TH,cdu,CDU/CSU,FALSE,5,25.3,22.3,28.2,0.269105503410781,0.222866839560721,1,156165,155976
188,Eichsfeld – Nordhausen – Kyffhäuserkreis,TH,fdp,FDP,FALSE,0,2.4,1.8,2.9,0.0681002205467508,0.0902827137963052,0,156165,155976
188,Eichsfeld – Nordhausen – Kyffhäuserkreis,TH,gru,Grüne,FALSE,0,2.4,1.8,3,0.0385892701441247,0.0469631479524861,0,156165,155976
188,Eichsfeld – Nordhausen – Kyffhäuserkreis,TH,spd,SPD,FALSE,0,14.9,12.9,16.7,0.221758475662923,0.242557551307912,0,156165,155976
189,Eisenach – Wartburgkreis – Unstrut-Hainich-Kreis,TH,afd,AfD,TRUE,99,40.3,36.4,44.2,0.248880562309828,0.24549869306195,1,150734,150522
189,Eisenach – Wartburgkreis – Unstrut-Hainich-Kreis,TH,oth,And.,FALSE,0,5,4.3,5.6,0.079244230079324,0.0863109849138217,0,150734,150522
189,Eisenach – Wartburgkreis – Unstrut-Hainich-Kreis,TH,cdu,CDU/CSU,FALSE,1,19.7,17.2,22.2,0.226146344056018,0.179833348813141,0,150734,150522
189,Eisenach – Wartburgkreis – Unstrut-Hainich-Kreis,TH,fdp,FDP,FALSE,0,2,1.5,2.5,0.0571012875194324,0.0852760491992517,0,150734,150522
189,Eisenach – Wartburgkreis – Unstrut-Hainich-Kreis,TH,gru,Grüne,FALSE,0,2.4,1.8,3,0.0354034626167603,0.0485026603155227,0,150734,150522
189,Eisenach – Wartburgkreis – Unstrut-Hainich-Kreis,TH,spd,SPD,FALSE,0,15.5,13.4,17.4,0.240164228484873,0.250547321772128,0,150734,150522
190,Jena – Sömmerda – Weimarer Land I,TH,afd,AfD,TRUE,98,32.5,28.8,36,0.194271301994732,0.198348353268884,0,152575,152251
190,Jena – Sömmerda – Weimarer Land I,TH,oth,And.,FALSE,0,5.5,4.8,6.1,0.0837235880224104,0.0915222021956415,0,152575,152251
190,Jena – Sömmerda – Weimarer Land I,TH,cdu,CDU/CSU,FALSE,1,17.1,14.8,19.2,0.185023415281345,0.156441094543667,0,152575,152251
190,Jena – Sömmerda – Weimarer Land I,TH,fdp,FDP,FALSE,0,2.5,1.9,3,0.0701867311216347,0.0922169424873013,0,152575,152251
190,Jena – Sömmerda – Weimarer Land I,TH,gru,Grüne,FALSE,0,8,6.6,9.2,0.0962620935166272,0.109513354088153,0,152575,152251
190,Jena – Sömmerda – Weimarer Land I,TH,spd,SPD,FALSE,0,14.1,12.2,15.9,0.201463372982772,0.224119285597247,1,152575,152251
191,Gotha – Ilm-Kreis,TH,afd,AfD,TRUE,100,42.4,38.4,46.3,0.264959028054402,0.259669529605824,1,140648,140584
191,Gotha – Ilm-Kreis,TH,oth,And.,FALSE,0,5.4,4.7,6,0.0800304444317988,0.0937731073317786,0,140648,140584
191,Gotha – Ilm-Kreis,TH,cdu,CDU/CSU,FALSE,0,16.4,14.1,18.5,0.184359528822626,0.155139070587566,0,140648,140584
191,Gotha – Ilm-Kreis,TH,fdp,FDP,FALSE,0,2.2,1.7,2.7,0.0675325783872987,0.0862152323531085,0,140648,140584
191,Gotha – Ilm-Kreis,TH,gru,Grüne,FALSE,0,3.2,2.5,3.9,0.0462214761281511,0.0575905807405722,0,140648,140584
191,Gotha – Ilm-Kreis,TH,spd,SPD,FALSE,0,14.7,12.7,16.5,0.235339725715586,0.23773533928673,0,140648,140584
192,Erfurt – Weimar – Weimarer Land II,TH,afd,AfD,TRUE,94,27.2,23.8,30.3,0.165399424275182,0.162444393265373,0,164998,164662
192,Erfurt – Weimar – Weimarer Land II,TH,oth,And.,FALSE,0,5,4.3,5.6,0.0597527055422623,0.089982908883744,0,164998,164662
192,Erfurt – Weimar – Weimarer Land II,TH,cdu,CDU/CSU,FALSE,2,15.9,13.8,18,0.173925981707984,0.142910823161493,0,164998,164662
192,Erfurt – Weimar – Weimarer Land II,TH,fdp,FDP,FALSE,0,2.7,2.1,3.3,0.0747531306555246,0.0939647753306101,0,164998,164662
192,Erfurt – Weimar – Weimarer Land II,TH,gru,Grüne,FALSE,0,10.3,8.7,11.8,0.118321166996636,0.132310694675087,0,164998,164662
192,Erfurt – Weimar – Weimarer Land II,TH,spd,SPD,FALSE,1,16.2,14.2,18.1,0.244045377804229,0.238657438271979,1,164998,164662
193,Gera – Greiz – Altenburger Land,TH,afd,AfD,TRUE,100,45.2,41.1,49.2,0.290007848819658,0.281005522665815,1,166043,165630
193,Gera – Greiz – Altenburger Land,TH,oth,And.,FALSE,0,3.3,2.8,3.9,0.022091408561251,0.0815812771390543,0,166043,165630
193,Gera – Greiz – Altenburger Land,TH,cdu,CDU/CSU,FALSE,0,17.3,14.9,19.5,0.199643784338586,0.164433309443939,0,166043,165630
193,Gera – Greiz – Altenburger Land,TH,fdp,FDP,FALSE,0,2.8,2.2,3.4,0.0861740022942704,0.0976373589973682,0,166043,165630
193,Gera – Greiz – Altenburger Land,TH,gru,Grüne,FALSE,0,2.2,1.6,2.7,0.0379943246996317,0.0441512138421975,0,166043,165630
193,Gera – Greiz – Altenburger Land,TH,spd,SPD,FALSE,0,13.2,11.4,14.9,0.221940469721669,0.218774654758105,0,166043,165630
194,Saalfeld-Rudolstadt – Saale-Holzland-Kreis – Saale-Orla-Kreis,TH,afd,AfD,TRUE,100,45,41,49,0.292879983464442,0.28174070451881,1,164623,164494
194,Saalfeld-Rudolstadt – Saale-Holzland-Kreis – Saale-Orla-Kreis,TH,oth,And.,FALSE,0,4.9,4.3,5.6,0.0755893831993872,0.09060094883461,0,164623,164494
194,Saalfeld-Rudolstadt – Saale-Holzland-Kreis – Saale-Orla-Kreis,TH,cdu,CDU/CSU,FALSE,0,17.3,15,19.5,0.20966722190475,0.164059700041914,0,164623,164494
194,Saalfeld-Rudolstadt – Saale-Holzland-Kreis – Saale-Orla-Kreis,TH,fdp,FDP,FALSE,0,2.5,1.9,3,0.0750361715320924,0.0937171598136348,0,164623,164494
194,Saalfeld-Rudolstadt – Saale-Holzland-Kreis – Saale-Orla-Kreis,TH,gru,Grüne,FALSE,0,2.2,1.6,2.7,0.03825063528153,0.0448479252595324,0,164623,164494
194,Saalfeld-Rudolstadt – Saale-Holzland-Kreis – Saale-Orla-Kreis,TH,spd,SPD,FALSE,0,12.1,10.3,13.7,0.187186158765669,0.212722402094483,0,164623,164494
195,Suhl – Schmalkalden-Meiningen – Hildburghausen – Sonneberg,TH,afd,AfD,TRUE,99,41,37,44.9,0.212396870302198,0.263544715447154,0,169125,168962
195,Suhl – Schmalkalden-Meiningen – Hildburghausen – Sonneberg,TH,oth,And.,FALSE,0,4.4,3.8,5,0.057693445863567,0.0856585365853659,0,169125,168962
195,Suhl – Schmalkalden-Meiningen – Hildburghausen – Sonneberg,TH,cdu,CDU/CSU,FALSE,0,18,15.6,20.3,0.223298729891928,0.16510273466371,0,169125,168962
195,Suhl – Schmalkalden-Meiningen – Hildburghausen – Sonneberg,TH,fdp,FDP,FALSE,0,2.1,1.6,2.5,0.063244989997751,0.082719881744272,0,169125,168962
195,Suhl – Schmalkalden-Meiningen – Hildburghausen – Sonneberg,TH,gru,Grüne,FALSE,0,1.8,1.3,2.3,0.0213953433316367,0.0426962305986696,0,169125,168962
195,Suhl – Schmalkalden-Meiningen – Hildburghausen – Sonneberg,TH,spd,SPD,FALSE,0,17.8,15.7,19.8,0.336116996721156,0.250974131559497,1,169125,168962
196,Neuwied,RP,afd,AfD,FALSE,1,17.8,15.2,20.1,0.0935036906423998,0.0970864093447888,0,180293,179779
196,Neuwied,RP,oth,And.,FALSE,0,5.8,5.1,6.5,0.0752590680780291,0.0850559921904899,0,180293,179779
196,Neuwied,RP,cdu,CDU/CSU,TRUE,97,36.7,33.4,39.9,0.319447766424332,0.268108024160672,1,180293,179779
196,Neuwied,RP,fdp,FDP,FALSE,0,4.1,3.3,4.9,0.0886143542905456,0.115095982650463,0,180293,179779
196,Neuwied,RP,gru,Grüne,FALSE,0,9,7.5,10.3,0.0921075320254312,0.104995756906813,0,180293,179779
196,Neuwied,RP,spd,SPD,FALSE,2,23.3,20.9,25.6,0.302148749297749,0.299612297759758,0,180293,179779
197,Ahrweiler,RP,afd,AfD,FALSE,0,13.8,11.7,15.8,0.0738242215476962,0.0769748516184299,0,147087,146605
197,Ahrweiler,RP,oth,And.,FALSE,0,5.6,4.9,6.3,0.0648408990143583,0.0849837171197999,0,147087,146605
197,Ahrweiler,RP,cdu,CDU/CSU,TRUE,99,39.9,36.5,43.1,0.342969202960336,0.285150965075092,1,147087,146605
197,Ahrweiler,RP,fdp,FDP,FALSE,0,4.1,3.2,4.9,0.0826984072848811,0.118868424809806,0,147087,146605
197,Ahrweiler,RP,gru,Grüne,FALSE,0,10.8,9.1,12.3,0.106087786910406,0.120234962981093,0,147087,146605
197,Ahrweiler,RP,spd,SPD,FALSE,1,23,20.5,25.2,0.302343030592408,0.287605294825511,0,147087,146605
198,Koblenz,RP,afd,AfD,FALSE,0,12.7,10.7,14.6,0.0671176502972913,0.071458434713474,0,145903,145312
198,Koblenz,RP,oth,And.,FALSE,0,6.3,5.6,7,0.0856639506716582,0.0858104357004311,0,145903,145312
198,Koblenz,RP,cdu,CDU/CSU,TRUE,98,36.6,33.4,39.8,0.317062596344418,0.260159146830428,1,145903,145312
198,Koblenz,RP,fdp,FDP,FALSE,0,3.8,3,4.5,0.0769310173970491,0.112204683933846,0,145903,145312
198,Koblenz,RP,gru,Grüne,FALSE,0,13.4,11.5,15.2,0.123733759083902,0.143979219070204,0,145903,145312
198,Koblenz,RP,spd,SPD,FALSE,2,23.4,20.9,25.7,0.298777802246201,0.293462094679342,0,145903,145312
199,Mosel/Rhein-Hunsrück,RP,afd,AfD,FALSE,0,14.4,12.3,16.5,0.0804266860065423,0.0830019060197205,0,133262,132369
199,Mosel/Rhein-Hunsrück,RP,oth,And.,FALSE,0,6.8,6.1,7.6,0.0909805165862098,0.0968243010010355,0,133262,132369
199,Mosel/Rhein-Hunsrück,RP,cdu,CDU/CSU,TRUE,99,38.6,35.3,41.7,0.34270864024054,0.290135222343954,1,133262,132369
199,Mosel/Rhein-Hunsrück,RP,fdp,FDP,FALSE,0,5,4.1,5.8,0.118335864137374,0.125046900091549,0,133262,132369
199,Mosel/Rhein-Hunsrück,RP,gru,Grüne,FALSE,0,7.8,6.5,8.9,0.0969486813377755,0.0917740991430415,0,133262,132369
199,Mosel/Rhein-Hunsrück,RP,spd,SPD,FALSE,1,20.9,18.6,23.1,0.268718506598977,0.285265116837508,0,133262,132369
200,Kreuznach,RP,afd,AfD,FALSE,1,18.3,15.7,20.7,0.0953115700839818,0.0988599277027324,0,136658,136101
200,Kreuznach,RP,oth,And.,FALSE,0,7.1,6.3,7.8,0.104312238705079,0.0907008737139428,0,136658,136101
200,Kreuznach,RP,cdu,CDU/CSU,TRUE,89,33.2,30,36.3,0.290879567380107,0.244647221531121,0,136658,136101
200,Kreuznach,RP,fdp,FDP,FALSE,0,3.7,2.9,4.4,0.0716600171931139,0.114914604340763,0,136658,136101
200,Kreuznach,RP,gru,Grüne,FALSE,0,7.7,6.3,8.9,0.0731662515337874,0.0944181826164586,0,136658,136101
200,Kreuznach,RP,spd,SPD,FALSE,10,26.3,23.7,28.8,0.330460466859171,0.323866879363082,1,136658,136101
201,Bitburg,RP,afd,AfD,FALSE,0,12.6,10.5,14.4,0.0648221408354201,0.0714645602743511,0,123054,122597
201,Bitburg,RP,oth,And.,FALSE,0,9.2,8.3,10,0.116479196065157,0.115055179027094,0,123054,122597
201,Bitburg,RP,cdu,CDU/CSU,TRUE,99,42.6,39.2,45.9,0.377986410760459,0.301379882003023,1,123054,122597
201,Bitburg,RP,fdp,FDP,FALSE,0,3.7,2.9,4.5,0.0735009828951769,0.113746810343426,0,123054,122597
201,Bitburg,RP,gru,Grüne,FALSE,0,7.4,6.1,8.6,0.0694307364780541,0.0927316462691176,0,123054,122597
201,Bitburg,RP,spd,SPD,FALSE,0,21.7,19.3,23.9,0.274329714430206,0.2790888552993,0,123054,122597
202,Trier,RP,afd,AfD,FALSE,0,10.8,9,12.5,0.0565896323392903,0.0618068955098846,0,145631,145433
202,Trier,RP,oth,And.,FALSE,0,7.1,6.3,7.8,0.0958379459957506,0.091347309295411,0,145631,145433
202,Trier,RP,cdu,CDU/CSU,TRUE,90,32.9,29.8,36,0.277096669944235,0.237435710803332,0,145631,145433
202,Trier,RP,fdp,FDP,FALSE,0,3.6,2.8,4.4,0.0696884476013009,0.111281251931251,0,145631,145433
202,Trier,RP,gru,Grüne,FALSE,0,14.8,12.8,16.7,0.13022491456547,0.155928339433225,0,145631,145433
202,Trier,RP,spd,SPD,FALSE,10,25.8,23.2,28.2,0.329650079418014,0.302978074723102,1,145631,145433
203,Montabaur,RP,afd,AfD,FALSE,0,16.4,14,18.6,0.0869790669967221,0.0895145380459834,0,162711,161993
203,Montabaur,RP,oth,And.,FALSE,0,6.8,6.1,7.5,0.0878124363398418,0.0929992440584841,0,162711,161993
203,Montabaur,RP,cdu,CDU/CSU,TRUE,96,35.8,32.5,38.9,0.300056175266833,0.2650404705275,0,162711,161993
203,Montabaur,RP,fdp,FDP,FALSE,0,4.3,3.5,5.1,0.0932200774107523,0.116900516867329,0,162711,161993
203,Montabaur,RP,gru,Grüne,FALSE,0,8.8,7.4,10.2,0.0875099541338206,0.103447216230003,0,162711,161993
203,Montabaur,RP,spd,SPD,FALSE,4,24.7,22.2,27,0.314674090855778,0.303273902809275,1,162711,161993
204,Mainz,RP,afd,AfD,FALSE,0,9.3,7.6,10.8,0.051799741001295,0.0538184094431859,0,201288,200001
204,Mainz,RP,oth,And.,FALSE,0,5.2,4.5,5.8,0.0693296533517332,0.0751559953896904,0,201288,200001
204,Mainz,RP,cdu,CDU/CSU,TRUE,84,29,26,31.9,0.235763821180894,0.211930169707086,0,201288,200001
204,Mainz,RP,fdp,FDP,FALSE,0,3.8,3,4.6,0.072039639801801,0.115148444020508,0,201288,200001
204,Mainz,RP,gru,Grüne,FALSE,11,22.8,20.1,25.3,0.186594067029665,0.229437422995906,0,201288,200001
204,Mainz,RP,spd,SPD,FALSE,5,21.5,19.1,23.7,0.249388753056235,0.267720877548587,1,201288,200001
205,Worms,RP,afd,AfD,FALSE,2,19.2,16.6,21.6,0.0977367571354595,0.10334178689738,0,164822,164145
205,Worms,RP,oth,And.,FALSE,0,5.9,5.2,6.6,0.066946906698346,0.0887199524335344,0,164822,164145
205,Worms,RP,cdu,CDU/CSU,TRUE,93,32.7,29.7,35.6,0.321831307685278,0.227809394376964,1,164822,164145
205,Worms,RP,fdp,FDP,FALSE,0,4.1,3.2,4.9,0.0789911358859545,0.121919403963063,0,164822,164145
205,Worms,RP,gru,Grüne,FALSE,0,11,9.3,12.5,0.0971640927228974,0.126190678428851,0,164822,164145
205,Worms,RP,spd,SPD,FALSE,5,23.7,21.2,26,0.30307350208657,0.301270461467523,0,164822,164145
206,Ludwigshafen/Frankenthal,RP,afd,AfD,FALSE,8,22.1,19.2,24.8,0.116107834988121,0.117938378420702,0,153258,152789
206,Ludwigshafen/Frankenthal,RP,oth,And.,FALSE,0,6.1,5.4,6.8,0.0635386055278849,0.0937112581398687,0,153258,152789
206,Ludwigshafen/Frankenthal,RP,cdu,CDU/CSU,TRUE,78,29,26,31.9,0.249972183861404,0.220060290490545,0,153258,152789
206,Ludwigshafen/Frankenthal,RP,fdp,FDP,FALSE,0,4.3,3.4,5.1,0.0895876012016572,0.120196009343721,0,153258,152789
206,Ludwigshafen/Frankenthal,RP,gru,Grüne,FALSE,0,10.6,9.1,12.1,0.11166379778649,0.118284200498506,0,153258,152789
206,Ludwigshafen/Frankenthal,RP,spd,SPD,FALSE,14,24.5,22.1,26.8,0.327955546538036,0.299462344543189,1,153258,152789
207,Neustadt – Speyer,RP,afd,AfD,FALSE,1,18.9,16.2,21.3,0.100227206524905,0.101548264295911,0,172322,171650
207,Neustadt – Speyer,RP,oth,And.,FALSE,0,6.4,5.7,7.1,0.0797436644334401,0.091270992676501,0,172322,171650
207,Neustadt – Speyer,RP,cdu,CDU/CSU,TRUE,96,33.3,30.2,36.3,0.301602097290999,0.239795267000151,1,172322,171650
207,Neustadt – Speyer,RP,fdp,FDP,FALSE,0,4.4,3.5,5.2,0.0851966210311681,0.126640823574471,0,172322,171650
207,Neustadt – Speyer,RP,gru,Grüne,FALSE,0,12.7,10.9,14.3,0.121578794057676,0.138978191989415,0,172322,171650
207,Neustadt – Speyer,RP,spd,SPD,FALSE,2,21.3,19,23.5,0.280559277599767,0.273447383386915,0,172322,171650
208,Kaiserslautern,RP,afd,AfD,FALSE,16,23.1,20.2,25.9,0.119918223948872,0.123620599054125,0,167464,166797
208,Kaiserslautern,RP,oth,And.,FALSE,0,8.6,7.8,9.4,0.124042998375271,0.106530358763675,0,167464,166797
208,Kaiserslautern,RP,cdu,CDU/CSU,FALSE,37,25.5,22.7,28.2,0.214650143587714,0.198406821764678,0,167464,166797
208,Kaiserslautern,RP,fdp,FDP,FALSE,0,3.3,2.5,3.9,0.0711643494787076,0.102959442029332,0,167464,166797
208,Kaiserslautern,RP,gru,Grüne,FALSE,0,8.8,7.4,10.1,0.0874656018993147,0.105162900683132,0,167464,166797
208,Kaiserslautern,RP,spd,SPD,TRUE,47,26.1,23.6,28.5,0.338873001312973,0.325204222997181,1,167464,166797
209,Pirmasens,RP,afd,AfD,FALSE,7,24,21,26.9,0.126561709564178,0.131407632933761,0,130723,130466
209,Pirmasens,RP,oth,And.,FALSE,0,7.5,6.7,8.2,0.102555455061089,0.101887196591265,0,130723,130466
209,Pirmasens,RP,cdu,CDU/CSU,TRUE,90,33.3,30.1,36.4,0.300737356859258,0.256320616876908,0,130723,130466
209,Pirmasens,RP,fdp,FDP,FALSE,0,3.5,2.7,4.2,0.0758435147854613,0.109957696809284,0,130723,130466
209,Pirmasens,RP,gru,Grüne,FALSE,0,5.5,4.4,6.5,0.0604831910229485,0.0755567115197785,0,130723,130466
209,Pirmasens,RP,spd,SPD,FALSE,3,22.7,20.3,25,0.304378152162249,0.292687591319049,1,130723,130466
210,Südpfalz,RP,afd,AfD,FALSE,2,19.2,16.6,21.7,0.0982008111677042,0.104328249133643,0,169676,169632
210,Südpfalz,RP,oth,And.,FALSE,0,6.8,6.1,7.5,0.089187181663837,0.0938553478394116,0,169676,169632
210,Südpfalz,RP,cdu,CDU/CSU,TRUE,93,31.4,28.3,34.3,0.282140162233541,0.232331030905962,0,169676,169632
210,Südpfalz,RP,fdp,FDP,FALSE,0,4.7,3.8,5.5,0.100281786455386,0.124472524104764,0,169676,169632
210,Südpfalz,RP,gru,Grüne,FALSE,0,12,10.3,13.7,0.112349085078287,0.134857021617671,0,169676,169632
210,Südpfalz,RP,spd,SPD,FALSE,4,22.1,19.8,24.3,0.282381861912847,0.277163535208279,1,169676,169632
211,Altötting,BY,afd,AfD,FALSE,0,19.1,16.5,21.5,0.110608971616587,0.108263435849643,0,128760,128561
211,Altötting,BY,oth,And.,FALSE,0,14.4,13.3,15.6,0.159325145261782,0.187449518484001,0,128760,128561
211,Altötting,BY,cdu,CDU/CSU,TRUE,100,45.2,41.9,48.4,0.433202915347578,0.342187014600808,1,128760,128561
211,Altötting,BY,fdp,FDP,FALSE,0,3.1,2.4,3.8,0.0719113883681676,0.103277415346381,0,128760,128561
211,Altötting,BY,gru,Grüne,FALSE,0,7.5,6.3,8.7,0.0866903648851518,0.0951227089158124,0,128760,128561
211,Altötting,BY,spd,SPD,FALSE,0,8.6,7.2,9.8,0.113720335093847,0.142194780987884,0,128760,128561
212,Erding – Ebersberg,BY,afd,AfD,FALSE,0,12.5,10.5,14.4,0.0684668520678209,0.0729581212746788,0,167603,167205
212,Erding – Ebersberg,BY,oth,And.,FALSE,0,11.3,10.3,12.3,0.1164737896594,0.150319505020793,0,167603,167205
212,Erding – Ebersberg,BY,cdu,CDU/CSU,TRUE,100,45.9,42.7,49.1,0.422571095361981,0.334075165718991,1,167603,167205
212,Erding – Ebersberg,BY,fdp,FDP,FALSE,0,3.9,3.1,4.7,0.0791005053676624,0.120689963783464,0,167603,167205
212,Erding – Ebersberg,BY,gru,Grüne,FALSE,0,13.7,11.9,15.5,0.148560150713196,0.146894745320788,0,167603,167205
212,Erding – Ebersberg,BY,spd,SPD,FALSE,0,10.4,8.9,11.7,0.144762417391824,0.153296778697279,0,167603,167205
213,Freising,BY,afd,AfD,FALSE,0,16,13.7,18.2,0.0935958291183566,0.0906953743546725,0,193119,192765
213,Freising,BY,oth,And.,FALSE,0,13.9,12.8,14.9,0.189043654190335,0.162283358965198,0,193119,192765
213,Freising,BY,cdu,CDU/CSU,TRUE,100,42.6,39.4,45.8,0.361523098072783,0.325861256530947,1,193119,192765
213,Freising,BY,fdp,FDP,FALSE,0,3.6,2.8,4.3,0.0761912172852956,0.112562720395197,0,193119,192765
213,Freising,BY,gru,Grüne,FALSE,0,11.9,10.2,13.5,0.124804814151947,0.134916812949529,0,193119,192765
213,Freising,BY,spd,SPD,FALSE,0,9.8,8.4,11.1,0.134619873939771,0.150606620788219,0,193119,192765
214,Fürstenfeldbruck,BY,afd,AfD,FALSE,0,11.8,9.9,13.6,0.068252391656647,0.0688499468340179,0,191852,191290
214,Fürstenfeldbruck,BY,oth,And.,FALSE,0,10.5,9.6,11.4,0.125850802446547,0.134390050664054,0,191852,191290
214,Fürstenfeldbruck,BY,cdu,CDU/CSU,TRUE,100,44.9,41.5,48.1,0.380161012075906,0.333298584325418,1,191852,191290
214,Fürstenfeldbruck,BY,fdp,FDP,FALSE,0,4.1,3.2,4.8,0.083794239113388,0.120123845464212,0,191852,191290
214,Fürstenfeldbruck,BY,gru,Grüne,FALSE,0,14.3,12.4,16.2,0.132589262376496,0.159169568208828,0,191852,191290
214,Fürstenfeldbruck,BY,spd,SPD,FALSE,0,12.2,10.7,13.7,0.192540122327356,0.162317828326001,0,191852,191290
215,Ingolstadt,BY,afd,AfD,FALSE,0,17.5,14.9,19.8,0.0956139785639109,0.100214968451637,0,186539,186228
215,Ingolstadt,BY,oth,And.,FALSE,0,10.9,10,11.8,0.134770281590309,0.142576083285533,0,186539,186228
215,Ingolstadt,BY,cdu,CDU/CSU,TRUE,100,46.4,43,49.7,0.449250381253088,0.346184980084594,1,186539,186228
215,Ingolstadt,BY,fdp,FDP,FALSE,0,2.9,2.2,3.6,0.0584068990699573,0.106127941073985,0,186539,186228
215,Ingolstadt,BY,gru,Grüne,FALSE,0,9.2,7.7,10.5,0.0976330089997208,0.111681739475391,0,186539,186228
215,Ingolstadt,BY,spd,SPD,FALSE,0,10.8,9.2,12.2,0.139366797688855,0.169358686387297,0,186539,186228
216,München-Nord,BY,afd,AfD,FALSE,0,7.8,6.3,9.1,0.0434588454866578,0.0471692719351408,0,174902,174671
216,München-Nord,BY,oth,And.,FALSE,0,6.8,6.1,7.5,0.0904843963794791,0.0890041280259803,0,174902,174671
216,München-Nord,BY,cdu,CDU/CSU,TRUE,83,32.1,29,35.1,0.256791339146166,0.22861945546649,1,174902,174671
216,München-Nord,BY,fdp,FDP,FALSE,0,6,5,7,0.111506775595262,0.148385953276692,0,174902,174671
216,München-Nord,BY,gru,Grüne,FALSE,17,26.8,23.9,29.5,0.242278340422852,0.256492207064528,0,174902,174671
216,München-Nord,BY,spd,SPD,FALSE,0,15.4,13.6,17.1,0.2185365630242,0.19005500222982,0,174902,174671
217,München-Ost,BY,afd,AfD,FALSE,0,7.5,6.1,8.9,0.0417814889252637,0.0464529080927816,0,193271,193052
217,München-Ost,BY,oth,And.,FALSE,0,6.8,6.1,7.6,0.0961191803244722,0.0882801868878414,0,193271,193052
217,München-Ost,BY,cdu,CDU/CSU,TRUE,96,36.5,33.3,39.7,0.316800654745872,0.255009804885368,1,193271,193052
217,München-Ost,BY,fdp,FDP,FALSE,0,5.2,4.2,6.1,0.0937778422393966,0.140279710872298,0,193271,193052
217,München-Ost,BY,gru,Grüne,FALSE,4,25,22.2,27.6,0.219459005863705,0.246529484506211,0,193271,193052
217,München-Ost,BY,spd,SPD,FALSE,0,14.5,12.7,16.2,0.198096885813149,0.186815404276896,0,193271,193052
218,München-Süd,BY,afd,AfD,FALSE,0,7.5,6.1,8.8,0.0443911252607056,0.0458893897465351,0,172371,172129
218,München-Süd,BY,oth,And.,FALSE,0,6.8,6.1,7.6,0.0846806755398567,0.0930144861954737,0,172371,172129
218,München-Süd,BY,cdu,CDU/CSU,TRUE,76,32.1,29,35.2,0.26758419557425,0.235451439047172,0,172371,172129
218,München-Süd,BY,fdp,FDP,FALSE,0,4.7,3.8,5.5,0.0954923342376938,0.124701951024244,0,172371,172129
218,München-Süd,BY,gru,Grüne,FALSE,24,28.5,25.6,31.2,0.274538282334761,0.264325205516009,1,172371,172129
218,München-Süd,BY,spd,SPD,FALSE,0,14.7,12.9,16.4,0.197084744581099,0.192126285744122,0,172371,172129
219,München-West/Mitte,BY,afd,AfD,FALSE,0,6.7,5.4,8,0.0384862936290335,0.0425199240986717,0,197625,197317
219,München-West/Mitte,BY,oth,And.,FALSE,0,6.6,5.9,7.3,0.0889229007130658,0.0872662871600253,0,197625,197317
219,München-West/Mitte,BY,cdu,CDU/CSU,TRUE,74,32.5,29.4,35.6,0.270179457421307,0.230436432637571,1,197625,197317
219,München-West/Mitte,BY,fdp,FDP,FALSE,0,5.1,4.1,6,0.0970671558963495,0.133591397849462,0,197625,197317
219,München-West/Mitte,BY,gru,Grüne,FALSE,26,29,26,31.8,0.269485143195974,0.274777988614801,0,197625,197317
219,München-West/Mitte,BY,spd,SPD,FALSE,0,14.7,12.9,16.4,0.198573868445192,0.189819101834282,0,197625,197317
220,München-Land,BY,afd,AfD,FALSE,0,8.7,7.2,10.2,0.0495027535150183,0.052812043703741,0,198610,198292
220,München-Land,BY,oth,And.,FALSE,0,7.2,6.5,8,0.0926714138744881,0.0971804038064549,0,198610,198292
220,München-Land,BY,cdu,CDU/CSU,TRUE,100,45.6,42.2,48.9,0.390953744982148,0.325607975429233,1,198610,198292
220,München-Land,BY,fdp,FDP,FALSE,0,5.2,4.1,6.1,0.0916829725858834,0.144484164946377,0,198610,198292
220,München-Land,BY,gru,Grüne,FALSE,0,18.9,16.6,21.1,0.204118169164666,0.185373344745985,0,198610,198292
220,München-Land,BY,spd,SPD,FALSE,0,12,10.4,13.6,0.152487241038469,0.172141382609133,0,198610,198292
221,Rosenheim,BY,afd,AfD,FALSE,0,15.3,13,17.4,0.082940483205657,0.0869537838277507,0,190561,190064
221,Rosenheim,BY,oth,And.,FALSE,0,14.9,13.8,16,0.18312252714875,0.177586179753465,0,190561,190064
221,Rosenheim,BY,cdu,CDU/CSU,TRUE,100,41.5,38.2,44.6,0.361299351797289,0.31027335079056,1,190561,190064
221,Rosenheim,BY,fdp,FDP,FALSE,0,4.3,3.4,5,0.0930318208603418,0.120953395500653,0,190561,190064
221,Rosenheim,BY,gru,Grüne,FALSE,0,12.5,10.7,14.1,0.137758860173415,0.136239839211591,0,190561,190064
221,Rosenheim,BY,spd,SPD,FALSE,0,9.1,7.8,10.4,0.120322628167354,0.143817465273587,0,190561,190064
222,Bad Tölz-Wolfratshausen – Miesbach,BY,afd,AfD,FALSE,0,14.1,12,16.1,0,0.0800481692721416,0,135356,134341
222,Bad Tölz-Wolfratshausen – Miesbach,BY,oth,And.,FALSE,0,14.1,13.1,15.1,0.210687727499423,0.161404001300275,0,135356,134341
222,Bad Tölz-Wolfratshausen – Miesbach,BY,cdu,CDU/CSU,TRUE,100,44.9,41.7,48.1,0.41313523049553,0.342090487307545,1,135356,134341
222,Bad Tölz-Wolfratshausen – Miesbach,BY,fdp,FDP,FALSE,0,4.1,3.3,4.9,0.0866154040836379,0.125949348385,0,135356,134341
222,Bad Tölz-Wolfratshausen – Miesbach,BY,gru,Grüne,FALSE,0,12.4,10.8,13.9,0.155045741806299,0.134002186825852,0,135356,134341
222,Bad Tölz-Wolfratshausen – Miesbach,BY,spd,SPD,FALSE,0,8.2,6.9,9.4,0.114842080973046,0.135021720500015,0,135356,134341
223,Starnberg – Landsberg am Lech,BY,afd,AfD,FALSE,0,10.4,8.6,12.1,0.0595873651429207,0.0613877424222252,0,180264,179820
223,Starnberg – Landsberg am Lech,BY,oth,And.,FALSE,0,9.3,8.5,10.2,0.113491269046825,0.120412284205388,0,180264,179820
223,Starnberg – Landsberg am Lech,BY,cdu,CDU/CSU,TRUE,100,44.2,40.9,47.5,0.381587142698254,0.321228864332313,1,180264,179820
223,Starnberg – Landsberg am Lech,BY,fdp,FDP,FALSE,0,4.7,3.8,5.6,0.0922311200088978,0.132544490303111,0,180264,179820
223,Starnberg – Landsberg am Lech,BY,gru,Grüne,FALSE,0,18.2,16,20.3,0.199138026915805,0.181195357919496,0,180264,179820
223,Starnberg – Landsberg am Lech,BY,spd,SPD,FALSE,0,10.6,9,12,0.133383383383383,0.158567434429503,0,180264,179820
224,Traunstein,BY,afd,AfD,FALSE,0,14.9,12.7,17,0.0779303049313013,0.0860240771745197,0,163059,162594
224,Traunstein,BY,oth,And.,FALSE,0,16.3,15.2,17.5,0.180640122021723,0.200823014982307,0,163059,162594
224,Traunstein,BY,cdu,CDU/CSU,TRUE,100,41.8,38.6,45,0.366280428552099,0.315352111812289,1,163059,162594
224,Traunstein,BY,fdp,FDP,FALSE,0,3.1,2.4,3.7,0.0754517386865444,0.0965724063069196,0,163059,162594
224,Traunstein,BY,gru,Grüne,FALSE,0,10.5,8.9,11.9,0.105901816795208,0.122562998669193,0,163059,162594
224,Traunstein,BY,spd,SPD,FALSE,0,11,9.5,12.3,0.170018573871115,0.154483959793694,0,163059,162594
225,Weilheim,BY,afd,AfD,FALSE,0,13.5,11.4,15.4,0.0709103554302866,0.0792723826188393,0,137160,136595
225,Weilheim,BY,oth,And.,FALSE,0,13.1,12,14.1,0.157480142025696,0.162948381452318,0,137160,136595
225,Weilheim,BY,cdu,CDU/CSU,TRUE,100,46.8,43.5,50.1,0.418602437863758,0.351254009915427,1,137160,136595
225,Weilheim,BY,fdp,FDP,FALSE,0,3,2.3,3.7,0.0626157619239357,0.10433799941674,0,137160,136595
225,Weilheim,BY,gru,Grüne,FALSE,0,11.7,10,13.3,0.119330868626231,0.134128025663459,0,137160,136595
225,Weilheim,BY,spd,SPD,FALSE,0,9.7,8.3,11,0.144090193638127,0.145282881306503,0,137160,136595
226,Deggendorf,BY,afd,AfD,FALSE,2,24.5,21.4,27.4,0.137800192882326,0.141427939736584,0,126644,126502
226,Deggendorf,BY,oth,And.,FALSE,0,16,14.9,17.2,0.214747592923432,0.198280218565427,0,126644,126502
226,Deggendorf,BY,cdu,CDU/CSU,TRUE,98,41.3,37.9,44.6,0.37364626646219,0.332854300243201,1,126644,126502
226,Deggendorf,BY,fdp,FDP,FALSE,0,2.1,1.6,2.6,0.049999209498664,0.0851047029468431,0,126644,126502
226,Deggendorf,BY,gru,Grüne,FALSE,0,4.4,3.5,5.3,0.0544655420467661,0.0672436120147816,0,126644,126502
226,Deggendorf,BY,spd,SPD,FALSE,0,10.1,8.7,11.3,0.154361195870421,0.156920185717444,0,126644,126502
227,Landshut,BY,afd,AfD,FALSE,0,18,15.5,20.4,0.0989120907450374,0.102548699464999,0,194766,193950
227,Landshut,BY,oth,And.,FALSE,0,14.2,13.1,15.3,0.162990461459139,0.179713091607365,0,194766,193950
227,Landshut,BY,cdu,CDU/CSU,TRUE,100,42.8,39.5,46,0.364449600412477,0.330565909861064,1,194766,193950
227,Landshut,BY,fdp,FDP,FALSE,0,4.3,3.5,5,0.117422015983501,0.103734738095972,0,194766,193950
227,Landshut,BY,gru,Grüne,FALSE,0,9,7.6,10.2,0.112456818767724,0.103134017230934,0,194766,193950
227,Landshut,BY,spd,SPD,FALSE,0,9.6,8.2,11,0.115844289765403,0.158811086123861,0,194766,193950
228,Passau,BY,afd,AfD,FALSE,1,20.8,18,23.4,0.119685562444641,0.117771146326405,0,136052,135480
228,Passau,BY,oth,And.,FALSE,0,13.8,12.8,14.9,0.177900797165633,0.172007761738159,0,136052,135480
228,Passau,BY,cdu,CDU/CSU,TRUE,99,40,36.7,43.3,0.3065397106584,0.324986034751419,1,136052,135480
228,Passau,BY,fdp,FDP,FALSE,0,3,2.3,3.6,0.0775981694715087,0.0939493722988269,0,136052,135480
228,Passau,BY,gru,Grüne,FALSE,0,7.4,6.2,8.6,0.0892973132565692,0.0929424043747979,0,136052,135480
228,Passau,BY,spd,SPD,FALSE,0,12.8,11.2,14.2,0.209189548272808,0.175609325846,0,136052,135480
229,Rottal-Inn,BY,afd,AfD,FALSE,1,21.6,18.8,24.3,0.126903591625329,0.122960539153145,0,133246,132447
229,Rottal-Inn,BY,oth,And.,FALSE,0,17.2,16,18.4,0.234372994480811,0.203991114179788,0,133246,132447
229,Rottal-Inn,BY,cdu,CDU/CSU,TRUE,99,42.5,39.1,45.7,0.351030978429107,0.342877084490341,1,133246,132447
229,Rottal-Inn,BY,fdp,FDP,FALSE,0,3,2.3,3.6,0.0770874387490845,0.0968434324482536,0,133246,132447
229,Rottal-Inn,BY,gru,Grüne,FALSE,0,5.4,4.4,6.3,0.0769213345715645,0.0712591747594675,0,133246,132447
229,Rottal-Inn,BY,spd,SPD,FALSE,0,8.6,7.3,9.9,0.119247699079632,0.143403929573871,0,133246,132447
230,Straubing,BY,afd,AfD,FALSE,1,22.7,19.8,25.5,0.12715213737337,0.131591086106637,0,132243,132078
230,Straubing,BY,oth,And.,FALSE,0,14.4,13.3,15.6,0.170013174033526,0.18999871448772301,0,132243,132078
230,Straubing,BY,cdu,CDU/CSU,TRUE,99,45.2,41.8,48.5,0.442821665985251,0.353455381381245,1,132243,132078
230,Straubing,BY,fdp,FDP,FALSE,0,2.2,1.7,2.7,0.052204000666273,0.0877399937992937,0,132243,132078
230,Straubing,BY,gru,Grüne,FALSE,0,4.7,3.8,5.6,0.0652114659519375,0.0677843061636533,0,132243,132078
230,Straubing,BY,spd,SPD,FALSE,0,9,7.6,10.3,0.123502778661094,0.150767904539371,0,132243,132078
231,Amberg,BY,afd,AfD,FALSE,0,18.2,15.7,20.6,0.103618086361971,0.104190115921512,0,172358,171997
231,Amberg,BY,oth,And.,FALSE,0,12.4,11.4,13.4,0.15700273841985601,0.157056823588113,0,172358,171997
231,Amberg,BY,cdu,CDU/CSU,TRUE,100,45.3,42,48.6,0.40278609510631,0.350607456572947,1,172358,171997
231,Amberg,BY,fdp,FDP,FALSE,0,2.4,1.8,3,0.0593789426559766,0.0874168881049908,0,172358,171997
231,Amberg,BY,gru,Grüne,FALSE,0,7.3,6,8.5,0.0808618754978284,0.0939381984010026,0,172358,171997
231,Amberg,BY,spd,SPD,FALSE,0,12,10.3,13.5,0.159746972330913,0.183031829099897,0,172358,171997
232,Regensburg,BY,afd,AfD,FALSE,0,15.2,12.9,17.3,0.083743020150522,0.0875135612463732,0,198175,197712
232,Regensburg,BY,oth,And.,FALSE,0,10.9,10,11.8,0.141463340616655,0.138347420209411,0,198175,197712
232,Regensburg,BY,cdu,CDU/CSU,TRUE,100,40.5,37.2,43.7,0.353251193655418,0.30875236533367,1,198175,197712
232,Regensburg,BY,fdp,FDP,FALSE,0,2.9,2.2,3.5,0.0695658331310189,0.0947294058281822,0,198175,197712
232,Regensburg,BY,gru,Grüne,FALSE,0,14.8,12.8,16.6,0.153420126244234,0.161947773432572,0,198175,197712
232,Regensburg,BY,spd,SPD,FALSE,0,11.9,10.3,13.4,0.166150764748725,0.174406458937807,0,198175,197712
233,Schwandorf,BY,afd,AfD,FALSE,2,23.3,20.3,26.2,0.133187534171679,0.134990955812685,0,174145,173755
233,Schwandorf,BY,oth,And.,FALSE,0,14.6,13.5,15.7,0.182763085954361,0.18820523127279,0,174145,173755
233,Schwandorf,BY,cdu,CDU/CSU,TRUE,98,41.5,38.2,44.9,0.350631636499669,0.341267334692354,1,174145,173755
233,Schwandorf,BY,fdp,FDP,FALSE,0,1.7,1.2,2.1,0.0422491439095278,0.0726406155789715,0,174145,173755
233,Schwandorf,BY,gru,Grüne,FALSE,0,4,3.1,4.8,0.0456619953382637,0.0641936317436619,0,174145,173755
233,Schwandorf,BY,spd,SPD,FALSE,0,13.1,11.5,14.5,0.227993439037726,0.179212725027994,0,174145,173755
234,Weiden,BY,afd,AfD,FALSE,0,19.9,17.1,22.5,0.102895970294619,0.113416973720272,0,131356,131424
234,Weiden,BY,oth,And.,FALSE,0,10,9,10.9,0.0943130630630631,0.144226377173483,0,131356,131424
234,Weiden,BY,cdu,CDU/CSU,TRUE,100,45.5,42,49,0.384823167762357,0.353626785224885,1,131356,131424
234,Weiden,BY,fdp,FDP,FALSE,0,1.9,1.4,2.3,0.047959276844412,0.0730914461463504,0,131356,131424
234,Weiden,BY,gru,Grüne,FALSE,0,4.7,3.7,5.6,0.0504702337472608,0.0698102865495295,0,131356,131424
234,Weiden,BY,spd,SPD,FALSE,0,16,14,17.9,0.22501978329681,0.224283626176193,0,131356,131424
235,Bamberg,BY,afd,AfD,FALSE,0,16.6,14.2,18.9,0.0898474237964748,0.0964691898316989,0,148068,147795
235,Bamberg,BY,oth,And.,FALSE,0,8.5,7.7,9.3,0.104056294191278,0.119627468460437,0,148068,147795
235,Bamberg,BY,cdu,CDU/CSU,TRUE,100,42.9,39.6,46.3,0.370283162488582,0.334055974282087,1,148068,147795
235,Bamberg,BY,fdp,FDP,FALSE,0,2.8,2.2,3.4,0.0664501505463649,0.0968203798254856,0,148068,147795
235,Bamberg,BY,gru,Grüne,FALSE,0,13.4,11.6,15.2,0.153780574444332,0.147891509306535,0,148068,147795
235,Bamberg,BY,spd,SPD,FALSE,0,12.3,10.7,13.8,0.190283839101458,0.173555393467866,0,148068,147795
236,Bayreuth,BY,afd,AfD,FALSE,0,15.7,13.3,17.8,0.0839788046442765,0.0905313934490002,0,128530,128330
236,Bayreuth,BY,oth,And.,FALSE,0,8.6,7.7,9.4,0.0968206966414712,0.121224616820976,0,128530,128330
236,Bayreuth,BY,cdu,CDU/CSU,TRUE,100,45.6,42.2,48.9,0.424413621133016,0.340527503306621,1,128530,128330
236,Bayreuth,BY,fdp,FDP,FALSE,0,2.9,2.2,3.5,0.0715499103872828,0.0935190227962343,0,128530,128330
236,Bayreuth,BY,gru,Grüne,FALSE,0,10.4,8.8,11.9,0.109592456946934,0.121738115615032,0,128530,128330
236,Bayreuth,BY,spd,SPD,FALSE,0,14.4,12.5,16.1,0.193563469181018,0.206831090017895,0,128530,128330
237,Coburg,BY,afd,AfD,FALSE,0,18.3,15.7,20.7,0.0966138779759726,0.104222150048717,0,123160,122943
237,Coburg,BY,oth,And.,FALSE,0,9,8.2,9.8,0.120641272784949,0.118821045794089,0,123160,122943
237,Coburg,BY,cdu,CDU/CSU,TRUE,100,41.8,38.4,45,0.365128555509464,0.319446248782072,1,123160,122943
237,Coburg,BY,fdp,FDP,FALSE,0,2.3,1.7,2.8,0.0518044947658671,0.0867408249431634,0,123160,122943
237,Coburg,BY,gru,Grüne,FALSE,0,7.5,6.2,8.7,0.0860642736878065,0.0930415719389412,0,123160,122943
237,Coburg,BY,spd,SPD,FALSE,0,18.6,16.5,20.6,0.260738716315691,0.252411497239363,0,123160,122943
238,Hof,BY,afd,AfD,FALSE,1,20.7,17.9,23.4,0.118155156482263,0.116892396374409,0,124559,124455
238,Hof,BY,oth,And.,FALSE,0,8.3,7.5,9.1,0.0923305612470371,0.121075153140279,0,124559,124455
238,Hof,BY,cdu,CDU/CSU,TRUE,99,43.6,40.1,47,0.41229360009642,0.331634004768824,1,124559,124455
238,Hof,BY,fdp,FDP,FALSE,0,2.2,1.6,2.7,0.0521714675987305,0.0847148740757392,0,124559,124455
238,Hof,BY,gru,Grüne,FALSE,0,5.6,4.5,6.6,0.0638061950102447,0.0772967027673633,0,124559,124455
238,Hof,BY,spd,SPD,FALSE,0,17.3,15.3,19.3,0.239146679522719,0.244269783797237,0,124559,124455
239,Kulmbach,BY,afd,AfD,FALSE,0,19.8,17.1,22.4,0.105691474152657,0.115554513687943,0,136507,136397
239,Kulmbach,BY,oth,And.,FALSE,0,9.4,8.6,10.3,0.114533310849945,0.131773462166775,0,136507,136397
239,Kulmbach,BY,cdu,CDU/CSU,TRUE,100,47.5,44.1,51,0.477745111696005,0.36180562168973,1,136507,136397
239,Kulmbach,BY,fdp,FDP,FALSE,0,2,1.5,2.5,0.0475083762839359,0.0835048752078648,0,136507,136397
239,Kulmbach,BY,gru,Grüne,FALSE,0,6.5,5.4,7.6,0.0745250995256494,0.0876585083548829,0,136507,136397
239,Kulmbach,BY,spd,SPD,FALSE,0,12.6,10.9,14.2,0.162049018673431,0.197857985304783,0,136507,136397
240,Ansbach,BY,afd,AfD,FALSE,0,17.4,14.9,19.7,0.0964323486601673,0.0999655327282412,0,191486,190994
240,Ansbach,BY,oth,And.,FALSE,0,11.3,10.4,12.3,0.142873598123501,0.146021119037423,0,191486,190994
240,Ansbach,BY,cdu,CDU/CSU,TRUE,100,43,39.7,46.3,0.383844518675979,0.330567247736127,1,191486,190994
240,Ansbach,BY,fdp,FDP,FALSE,0,2.6,2,3.1,0.0681487376566803,0.0846693753068109,0,191486,190994
240,Ansbach,BY,gru,Grüne,FALSE,0,9.9,8.4,11.3,0.111746965873274,0.116588157880994,0,191486,190994
240,Ansbach,BY,spd,SPD,FALSE,0,13.2,11.5,14.9,0.177068389582919,0.196578339930857,0,191486,190994
241,Erlangen,BY,afd,AfD,FALSE,0,11.6,9.8,13.3,0.0690858700649481,0.0702743232412028,0,154708,154431
241,Erlangen,BY,oth,And.,FALSE,0,7.5,6.8,8.2,0.107569076156989,0.102935853349536,0,154708,154431
241,Erlangen,BY,cdu,CDU/CSU,TRUE,100,37.6,34.4,40.7,0.351114737326055,0.288698709827546,1,154708,154431
241,Erlangen,BY,fdp,FDP,FALSE,0,3,2.3,3.7,0.0672274349062041,0.103821392558885,0,154708,154431
241,Erlangen,BY,gru,Grüne,FALSE,0,18.6,16.4,20.8,0.193762910296508,0.201812446673734,0,154708,154431
241,Erlangen,BY,spd,SPD,FALSE,0,13.8,12.2,15.4,0.207445396325867,0.194857408795925,0,154708,154431
242,Fürth,BY,afd,AfD,FALSE,0,15.7,13.4,17.9,0.0857909120055369,0.0898330989169455,0,196943,196501
242,Fürth,BY,oth,And.,FALSE,0,8.4,7.6,9.2,0.103811176533453,0.114027916706864,0,196943,196501
242,Fürth,BY,cdu,CDU/CSU,TRUE,100,39.3,36,42.6,0.335245113256421,0.299457203353254,1,196943,196501
242,Fürth,BY,fdp,FDP,FALSE,0,2.8,2.2,3.4,0.0655620073180289,0.0952813758295547,0,196943,196501
242,Fürth,BY,gru,Grüne,FALSE,0,13.6,11.7,15.4,0.137968763517743,0.151201108950305,0,196943,196501
242,Fürth,BY,spd,SPD,FALSE,0,16.2,14.3,18,0.239963155403789,0.214930208232839,0,196943,196501
243,Nürnberg-Nord,BY,afd,AfD,FALSE,0,10.4,8.6,12,0.058839438026157,0.0615076893263015,0,144486,144206
243,Nürnberg-Nord,BY,oth,And.,FALSE,0,6.6,5.9,7.3,0.0813419691274982,0.0944312943814626,0,144486,144206
243,Nürnberg-Nord,BY,cdu,CDU/CSU,TRUE,94,32.2,29.1,35.2,0.284502725268019,0.237732375455061,1,144486,144206
243,Nürnberg-Nord,BY,fdp,FDP,FALSE,0,3.3,2.6,4,0.0754614925869936,0.101684592278837,0,144486,144206
243,Nürnberg-Nord,BY,gru,Grüne,FALSE,6,23.3,20.6,25.7,0.22565635271764,0.23569757623576,0,144486,144206
243,Nürnberg-Nord,BY,spd,SPD,FALSE,0,15.7,13.9,17.5,0.219241917812019,0.20923826529906,0,144486,144206
244,Nürnberg-Süd,BY,afd,AfD,FALSE,0,17.8,15.3,20.1,0.102185745544022,0.1002307459231,0,128713,128423
244,Nürnberg-Süd,BY,oth,And.,FALSE,0,7.3,6.5,8,0.0816286802208327,0.107829046017108,0,128713,128423
244,Nürnberg-Süd,BY,cdu,CDU/CSU,TRUE,99,39.2,35.8,42.4,0.344112814682728,0.3003814688493,1,128713,128423
244,Nürnberg-Süd,BY,fdp,FDP,FALSE,0,2.7,2.1,3.3,0.0683444554324381,0.0893072183850893,0,128713,128423
244,Nürnberg-Süd,BY,gru,Grüne,FALSE,0,11.9,10.2,13.5,0.121208817735141,0.137414247201137,0,128713,128423
244,Nürnberg-Süd,BY,spd,SPD,FALSE,0,16.7,14.8,18.6,0.242152885386574,0.226822465485227,0,128713,128423
245,Roth,BY,afd,AfD,FALSE,0,14.7,12.5,16.8,0.0793698846948477,0.0850050336459492,0,188730,188283
245,Roth,BY,oth,And.,FALSE,0,10.6,9.7,11.5,0.1424026598259,0.131404652148572,0,188730,188283
245,Roth,BY,cdu,CDU/CSU,TRUE,100,43,39.7,46.3,0.37963066235401,0.323107084194352,1,188730,188283
245,Roth,BY,fdp,FDP,FALSE,0,2.7,2.1,3.3,0.0668992952098702,0.0899380066762041,0,188730,188283
245,Roth,BY,gru,Grüne,FALSE,0,12.5,10.7,14.1,0.133522410414111,0.138806760981296,0,188730,188283
245,Roth,BY,spd,SPD,FALSE,0,13.8,12,15.5,0.168926562674272,0.205510517670747,0,188730,188283
246,Aschaffenburg,BY,afd,AfD,FALSE,0,16.8,14.4,19,0.0958787395731699,0.094125720559978,0,145720,145538
246,Aschaffenburg,BY,oth,And.,FALSE,0,7.1,6.4,7.9,0.0842666520084102,0.103788086741696,0,145720,145538
246,Aschaffenburg,BY,cdu,CDU/CSU,TRUE,100,42.8,39.5,46.1,0.407240720636535,0.313882788910239,1,145720,145538
246,Aschaffenburg,BY,fdp,FDP,FALSE,0,3.6,2.9,4.3,0.0802745674669159,0.111165248421631,0,145720,145538
246,Aschaffenburg,BY,gru,Grüne,FALSE,0,12.8,11,14.5,0.134590278827523,0.141655229206698,0,145720,145538
246,Aschaffenburg,BY,spd,SPD,FALSE,0,14,12.1,15.7,0.171041240088499,0.207466373867691,0,145720,145538
247,Bad Kissingen,BY,afd,AfD,FALSE,0,18.2,15.6,20.6,0.0992813260693173,0.106490280465613,0,173105,172540
247,Bad Kissingen,BY,oth,And.,FALSE,0,9.8,9,10.7,0.125124608786368,0.133808959879842,0,173105,172540
247,Bad Kissingen,BY,cdu,CDU/CSU,TRUE,100,46.9,43.4,50.3,0.390970209806422,0.37585858294099,1,173105,172540
247,Bad Kissingen,BY,fdp,FDP,FALSE,0,2.6,2,3.2,0.0707430161122059,0.0878715230640363,0,173105,172540
247,Bad Kissingen,BY,gru,Grüne,FALSE,0,7.4,6.2,8.5,0.0954387388431668,0.0917015684122354,0,173105,172540
247,Bad Kissingen,BY,spd,SPD,FALSE,0,12.2,10.6,13.7,0.190355859510838,0.176424713324283,0,173105,172540
248,Main-Spessart,BY,afd,AfD,FALSE,0,15.3,13,17.4,0.0802117549510476,0.0886118662736285,0,157067,156785
248,Main-Spessart,BY,oth,And.,FALSE,0,10.2,9.3,11.1,0.131536817935389,0.131402522490402,0,157067,156785
248,Main-Spessart,BY,cdu,CDU/CSU,TRUE,100,45,41.6,48.3,0.385808591383104,0.344419897241305,1,157067,156785
248,Main-Spessart,BY,fdp,FDP,FALSE,0,2.6,1.9,3.1,0.0606818254297286,0.0900953096449286,0,157067,156785
248,Main-Spessart,BY,gru,Grüne,FALSE,0,9.5,8,10.9,0.10085786267819,0.113365633774122,0,157067,156785
248,Main-Spessart,BY,spd,SPD,FALSE,0,15.1,13.2,16.8,0.214944031635679,0.208643445153979,0,157067,156785
249,Schweinfurt,BY,afd,AfD,FALSE,0,17.5,15,19.8,0.0992792179868167,0.100331303724928,0,156352,155803
249,Schweinfurt,BY,oth,And.,FALSE,0,8.1,7.3,9,0.0891767167512821,0.119537965616046,0,156352,155803
249,Schweinfurt,BY,cdu,CDU/CSU,TRUE,100,45.4,42,48.7,0.408830381956702,0.348195098239869,1,156352,155803
249,Schweinfurt,BY,fdp,FDP,FALSE,0,3.1,2.4,3.7,0.0796390313408599,0.096186809250921,0,156352,155803
249,Schweinfurt,BY,gru,Grüne,FALSE,0,8.9,7.5,10.2,0.0946515792378837,0.109272666803111,0,156352,155803
249,Schweinfurt,BY,spd,SPD,FALSE,0,13.4,11.6,15,0.186369967202172,0.194957531723291,0,156352,155803
250,Würzburg,BY,afd,AfD,FALSE,0,12,10.1,13.7,0,0.066160626306158,0,184702,183504
250,Würzburg,BY,oth,And.,FALSE,0,6.8,6.1,7.5,0.0959815589850902,0.0950449913915388,0,184702,183504
250,Würzburg,BY,cdu,CDU/CSU,TRUE,100,40.4,37.2,43.7,0.368662263492894,0.302958278740891,1,184702,183504
250,Würzburg,BY,fdp,FDP,FALSE,0,4,3.3,4.7,0.105796058941494,0.104113653344306,0,184702,183504
250,Würzburg,BY,gru,Grüne,FALSE,0,18.5,16.2,20.6,0.197788604063127,0.192926985089496,0,184702,183504
250,Würzburg,BY,spd,SPD,FALSE,0,13.8,12,15.4,0.180513776266457,0.200750397938301,0,184702,183504
251,Augsburg-Stadt,BY,afd,AfD,FALSE,0,15.7,13.4,17.8,0.0858836009803563,0.0885828929769553,0,136821,136685
251,Augsburg-Stadt,BY,oth,And.,FALSE,0,8.5,7.8,9.3,0.105980905000549,0.114441496553892,0,136821,136685
251,Augsburg-Stadt,BY,cdu,CDU/CSU,TRUE,98,32.5,29.4,35.5,0.272443940447013,0.246833453928856,1,136821,136685
251,Augsburg-Stadt,BY,fdp,FDP,FALSE,0,3.8,3,4.5,0.0847130263013498,0.111569130469738,0,136821,136685
251,Augsburg-Stadt,BY,gru,Grüne,FALSE,2,19.7,17.4,21.8,0.214712660496763,0.198375980295422,0,136821,136685
251,Augsburg-Stadt,BY,spd,SPD,FALSE,0,13.6,11.9,15.2,0.181753667190987,0.192455836457854,0,136821,136685
252,Augsburg-Land,BY,afd,AfD,FALSE,0,16.8,14.4,19.1,0.095946347783607,0.0953818451435229,0,188820,188324
252,Augsburg-Land,BY,oth,And.,FALSE,0,11.1,10.2,12.1,0.13170918204796,0.14536595699608101,0,188820,188324
252,Augsburg-Land,BY,cdu,CDU/CSU,TRUE,100,44,40.6,47.2,0.402896072725728,0.329938565829891,1,188820,188324
252,Augsburg-Land,BY,fdp,FDP,FALSE,0,3.5,2.7,4.2,0.0763524564049192,0.109983052642729,0,188820,188324
252,Augsburg-Land,BY,gru,Grüne,FALSE,0,11.4,9.8,13,0.124036235424056,0.130076263107722,0,188820,188324
252,Augsburg-Land,BY,spd,SPD,FALSE,0,11.1,9.5,12.5,0.149253414328498,0.167847685626523,0,188820,188324
253,Donau-Ries,BY,afd,AfD,FALSE,0,19,16.4,21.5,0.101168407310705,0.109935362802335,0,153472,153200
253,Donau-Ries,BY,oth,And.,FALSE,0,12.1,11.1,13.1,0.141644908616188,0.159651271893244,0,153472,153200
253,Donau-Ries,BY,cdu,CDU/CSU,TRUE,100,45.4,42.1,48.7,0.410920365535248,0.351894808173478,1,153472,153200
253,Donau-Ries,BY,fdp,FDP,FALSE,0,2.8,2.1,3.4,0.0634725848563969,0.099855348206839,0,153472,153200
253,Donau-Ries,BY,gru,Grüne,FALSE,0,7.1,5.8,8.3,0.0707114882506527,0.0952551605504587,0,153472,153200
253,Donau-Ries,BY,spd,SPD,FALSE,0,11.8,10.3,13.2,0.192565274151436,0.165137614678899,0,153472,153200
254,Neu-Ulm,BY,afd,AfD,FALSE,1,20.9,18.1,23.5,0.118637706426461,0.11691560324826,0,165504,165192
254,Neu-Ulm,BY,oth,And.,FALSE,0,10.6,9.7,11.5,0.132040292508112,0.138739849187935,0,165504,165192
254,Neu-Ulm,BY,cdu,CDU/CSU,TRUE,99,40.7,37.4,44,0.369666811952153,0.31172660479505,1,165504,165192
254,Neu-Ulm,BY,fdp,FDP,FALSE,0,3.7,2.9,4.4,0.0775400745798828,0.117501691802011,0,165504,165192
254,Neu-Ulm,BY,gru,Grüne,FALSE,0,9.8,8.3,11.2,0.114164124170662,0.114075792730085,0,165504,165192
254,Neu-Ulm,BY,spd,SPD,FALSE,0,11.9,10.3,13.4,0.166297399389801,0.176624129930394,0,165504,165192
255,Memmingen – Unterallgäu,BY,afd,AfD,FALSE,1,20.6,17.8,23.1,0.118150986257979,0.11557724822152,0,125388,125018
255,Memmingen – Unterallgäu,BY,oth,And.,FALSE,0,13.9,12.8,14.9,0.166048089075173,0.175567039908125,0,125388,125018
255,Memmingen – Unterallgäu,BY,cdu,CDU/CSU,TRUE,99,41.5,38.2,44.8,0.375257962853349,0.320126327878266,1,125388,125018
255,Memmingen – Unterallgäu,BY,fdp,FDP,FALSE,0,3.6,2.8,4.3,0.0791566014493913,0.112498803713274,0,125388,125018
255,Memmingen – Unterallgäu,BY,gru,Grüne,FALSE,0,9,7.6,10.3,0.111199987201843,0.105400835805659,0,125388,125018
255,Memmingen – Unterallgäu,BY,spd,SPD,FALSE,0,9.3,7.9,10.6,0.127797597146011,0.148602737104029,0,125388,125018
256,Oberallgäu,BY,afd,AfD,FALSE,0,14,11.9,16,0.0803439585206897,0.0793953779164661,0,180741,180138
256,Oberallgäu,BY,oth,And.,FALSE,0,12.6,11.6,13.6,0.149452086733504,0.155332768989881,0,180741,180138
256,Oberallgäu,BY,cdu,CDU/CSU,TRUE,100,39.5,36.2,42.7,0.297360912189544,0.304396899430677,1,180741,180138
256,Oberallgäu,BY,fdp,FDP,FALSE,0,5.2,4.3,5.9,0.13103287479599,0.115928317315938,0,180741,180138
256,Oberallgäu,BY,gru,Grüne,FALSE,0,14.3,12.4,16.1,0.154420499839012,0.151559413746743,0,180741,180138
256,Oberallgäu,BY,spd,SPD,FALSE,0,11.5,9.9,12.9,0.157662458781601,0.16548541836108,0,180741,180138
257,Ostallgäu,BY,afd,AfD,FALSE,0,16.2,13.9,18.3,0.0916756960474867,0.0918758908014472,0,127694,127362
257,Ostallgäu,BY,oth,And.,FALSE,0,13.5,12.4,14.5,0.153994126976649,0.170720629003712,0,127694,127362
257,Ostallgäu,BY,cdu,CDU/CSU,TRUE,100,43.5,40.2,46.7,0.402600461676167,0.323578241734146,1,127694,127362
257,Ostallgäu,BY,fdp,FDP,FALSE,0,3.3,2.5,4,0.0725491119800254,0.105979920748038,0,127694,127362
257,Ostallgäu,BY,gru,Grüne,FALSE,0,11.2,9.6,12.7,0.123090089665677,0.126450733785456,0,127694,127362
257,Ostallgäu,BY,spd,SPD,FALSE,0,9.7,8.2,11,0.118622509068639,0.156381662411703,0,127694,127362
258,Stuttgart I,BW,afd,AfD,FALSE,0,6.8,5.4,8.1,0.0401769188547504,0.04202425432612,0,156838,156682
258,Stuttgart I,BW,oth,And.,FALSE,0,3.5,3,4.1,0.0523289209992214,0.0572947882528469,0,156838,156682
258,Stuttgart I,BW,cdu,CDU/CSU,FALSE,12,28,25,30.8,0.233626070639895,0.201073719379232,0,156838,156682
258,Stuttgart I,BW,fdp,FDP,FALSE,0,6.5,5.4,7.6,0.105334371529595,0.166005687397187,0,156838,156682
258,Stuttgart I,BW,gru,Grüne,TRUE,88,34.5,31.5,37.4,0.399497070499483,0.2841084431069,1,156838,156682
258,Stuttgart I,BW,spd,SPD,FALSE,0,13.4,11.5,15.2,0.127723669598295,0.197675308279881,0,156838,156682
259,Stuttgart II,BW,afd,AfD,FALSE,0,13,11,14.9,0.0724951684986109,0.0719011876770965,0,132696,132464
259,Stuttgart II,BW,oth,And.,FALSE,0,4.6,4,5.3,0.0644250513347023,0.0702432627961657,0,132696,132464
259,Stuttgart II,BW,cdu,CDU/CSU,TRUE,91,29.9,26.9,32.8,0.2590288682208,0.214045638150359,1,132696,132464
259,Stuttgart II,BW,fdp,FDP,FALSE,0,6.1,5,7,0.110807464669646,0.152777777777778,0,132696,132464
259,Stuttgart II,BW,gru,Grüne,FALSE,8,22.4,19.9,24.8,0.23739280106293,0.212674082112498,0,132696,132464
259,Stuttgart II,BW,spd,SPD,FALSE,1,17,14.9,18.9,0.205519990336997,0.227572797974317,0,132696,132464
260,Böblingen,BW,afd,AfD,FALSE,0,16,13.6,18.1,0.0834649163544795,0.0865985967009077,0,194114,193794
260,Böblingen,BW,oth,And.,FALSE,0,4.5,3.9,5.1,0.0588201905115741,0.0713858866439309,0,194114,193794
260,Böblingen,BW,cdu,CDU/CSU,TRUE,99,36.1,32.9,39.2,0.296727452862318,0.26105793502787,1,194114,193794
260,Böblingen,BW,fdp,FDP,FALSE,0,8.5,7.3,9.6,0.16607325304189,0.180728850057183,0,194114,193794
260,Böblingen,BW,gru,Grüne,FALSE,0,16.3,14.2,18.3,0.15589233928811,0.167911639552016,0,194114,193794
260,Böblingen,BW,spd,SPD,FALSE,0,15.8,13.9,17.5,0.210759879046823,0.205832655037761,0,194114,193794
261,Esslingen,BW,afd,AfD,FALSE,0,13.4,11.3,15.3,0.0696305907495039,0.0742291471236491,0,131121,131020
261,Esslingen,BW,oth,And.,FALSE,0,4.7,4,5.3,0.0600976950083957,0.0724140297892786,0,131121,131020
261,Esslingen,BW,cdu,CDU/CSU,TRUE,99,36.1,33,39.2,0.320378568157533,0.253010578015726,1,131121,131020
261,Esslingen,BW,fdp,FDP,FALSE,0,6.6,5.5,7.6,0.122202717142421,0.159402384057474,0,131121,131020
261,Esslingen,BW,gru,Grüne,FALSE,0,18.4,16.1,20.5,0.183620821248664,0.18228964086607,0,131121,131020
261,Esslingen,BW,spd,SPD,FALSE,0,17.3,15.3,19.3,0.217531674553503,0.227667574225334,0,131121,131020
262,Nürtingen,BW,afd,AfD,FALSE,0,16,13.6,18.2,0.0826690986472108,0.0870571793157927,0,164570,164475
262,Nürtingen,BW,oth,And.,FALSE,0,5,4.3,5.6,0.0632375740994072,0.0762958011788297,0,164570,164475
262,Nürtingen,BW,cdu,CDU/CSU,TRUE,99,36,32.9,39.1,0.300994072047424,0.260229689493832,1,164570,164475
262,Nürtingen,BW,fdp,FDP,FALSE,0,7.5,6.3,8.6,0.138410092719258,0.175044054201859,0,164570,164475
262,Nürtingen,BW,gru,Grüne,FALSE,0,16.9,14.8,18.9,0.180082079343365,0.168329586194325,0,164570,164475
262,Nürtingen,BW,spd,SPD,FALSE,0,15.7,13.8,17.5,0.21046967624259,0.206568633408276,0,164570,164475
263,Göppingen,BW,afd,AfD,FALSE,3,21.4,18.6,24.1,0.118038609923362,0.114652998370815,0,134423,134007
263,Göppingen,BW,oth,And.,FALSE,0,5.2,4.5,5.8,0.0704142320923534,0.0783571263846217,0,134423,134007
263,Göppingen,BW,cdu,CDU/CSU,TRUE,97,35.4,32.2,38.5,0.310118128157484,0.260959805985583,1,134423,134007
263,Göppingen,BW,fdp,FDP,FALSE,0,6.5,5.4,7.5,0.122986112665756,0.161601809214197,0,134423,134007
263,Göppingen,BW,gru,Grüne,FALSE,0,11.3,9.7,12.9,0.118889311752371,0.125841559852109,0,134423,134007
263,Göppingen,BW,spd,SPD,FALSE,0,17.6,15.6,19.6,0.237480131634915,0.233754640202941,0,134423,134007
264,Waiblingen,BW,afd,AfD,FALSE,0,16.4,14.1,18.6,0.0871295303514194,0.088549862946283,0,174749,174407
264,Waiblingen,BW,oth,And.,FALSE,0,5.1,4.4,5.7,0.0641717362261836,0.0768931438806517,0,174749,174407
264,Waiblingen,BW,cdu,CDU/CSU,TRUE,99,35.5,32.3,38.6,0.289931023410758,0.257437810802923,1,174749,174407
264,Waiblingen,BW,fdp,FDP,FALSE,0,8.1,6.9,9.2,0.155515546967725,0.177391573056212,0,174749,174407
264,Waiblingen,BW,gru,Grüne,FALSE,0,15,13,16.9,0.150360937347698,0.155068126283984,0,174749,174407
264,Waiblingen,BW,spd,SPD,FALSE,0,16.8,14.9,18.6,0.227295922755394,0.216041293512409,0,174749,174407
265,Ludwigsburg,BW,afd,AfD,FALSE,0,15.5,13.2,17.6,0.0843892742592777,0.0837791643741,0,170842,170543
265,Ludwigsburg,BW,oth,And.,FALSE,0,4.8,4.1,5.4,0.06150941404807,0.0739221034640194,0,170842,170543
265,Ludwigsburg,BW,cdu,CDU/CSU,TRUE,99,34.5,31.3,37.5,0.294922688119712,0.247579634984372,1,170842,170543
265,Ludwigsburg,BW,fdp,FDP,FALSE,0,7.1,6,8.2,0.140087837085075,0.161617166738858,0,170842,170543
265,Ludwigsburg,BW,gru,Grüne,FALSE,1,18.9,16.7,21.1,0.203250793055124,0.183988714718863,0,170842,170543
265,Ludwigsburg,BW,spd,SPD,FALSE,0,15.7,13.8,17.6,0.184170561090165,0.218236733355966,0,170842,170543
266,Neckar-Zaber,BW,afd,AfD,FALSE,1,18.8,16.2,21.2,0.0998535538851452,0.100854203067366,0,185436,185051
266,Neckar-Zaber,BW,oth,And.,FALSE,0,5.1,4.4,5.7,0.0656143441537738,0.0774822580297245,0,185436,185051
266,Neckar-Zaber,BW,cdu,CDU/CSU,TRUE,98,34.6,31.4,37.6,0.303964852932435,0.249762721370176,1,185436,185051
266,Neckar-Zaber,BW,fdp,FDP,FALSE,0,6.7,5.6,7.7,0.123166046117016,0.166003365042387,0,185436,185051
266,Neckar-Zaber,BW,gru,Grüne,FALSE,0,15.1,13.1,17,0.156794613376853,0.156647037252745,0,185436,185051
266,Neckar-Zaber,BW,spd,SPD,FALSE,0,16.9,15,18.8,0.225386515068819,0.223090446299532,0,185436,185051
267,Heilbronn,BW,afd,AfD,FALSE,11,24.4,21.3,27.2,0.127627237607839,0.1316064179393,0,181055,180941
267,Heilbronn,BW,oth,And.,FALSE,0,5.2,4.6,5.9,0.0644353684350147,0.0825274087984314,0,181055,180941
267,Heilbronn,BW,cdu,CDU/CSU,TRUE,89,31.8,28.7,34.8,0.277985641728519,0.239291927867223,1,181055,180941
267,Heilbronn,BW,fdp,FDP,FALSE,0,6.8,5.7,7.8,0.136773865514173,0.162304272182486,0,181055,180941
267,Heilbronn,BW,gru,Grüne,FALSE,0,11.7,10.1,13.3,0.127212737853776,0.129662257325122,0,181055,180941
267,Heilbronn,BW,spd,SPD,FALSE,0,17.1,15.1,19,0.242548676087786,0.226235121924277,0,181055,180941
268,Schwäbisch Hall – Hohenlohe,BW,afd,AfD,FALSE,6,23.4,20.5,26.3,0.120256419246637,0.127238217602056,0,171230,171126
268,Schwäbisch Hall – Hohenlohe,BW,oth,And.,FALSE,0,5.6,4.9,6.3,0.0714619636992625,0.0856158383460842,0,171230,171126
268,Schwäbisch Hall – Hohenlohe,BW,cdu,CDU/CSU,TRUE,94,33.6,30.5,36.6,0.320781178780548,0.244974595573206,1,171230,171126
268,Schwäbisch Hall – Hohenlohe,BW,fdp,FDP,FALSE,0,6.3,5.2,7.2,0.116528172223975,0.162646732465105,0,171230,171126
268,Schwäbisch Hall – Hohenlohe,BW,gru,Grüne,FALSE,0,12.6,10.9,14.2,0.150912193354604,0.132768790515681,0,171230,171126
268,Schwäbisch Hall – Hohenlohe,BW,spd,SPD,FALSE,0,15.4,13.5,17.2,0.196159554947816,0.2176721368919,0,171230,171126
269,Backnang – Schwäbisch Gmünd,BW,afd,AfD,FALSE,3,21.8,18.9,24.5,0.11705098480752,0.117992379489603,0,135424,135001
269,Backnang – Schwäbisch Gmünd,BW,oth,And.,FALSE,0,5.4,4.8,6.1,0.0696661506211065,0.0827770557655955,0,135424,135001
269,Backnang – Schwäbisch Gmünd,BW,cdu,CDU/CSU,TRUE,96,34.7,31.5,37.8,0.305005148110014,0.258381084593573,1,135424,135001
269,Backnang – Schwäbisch Gmünd,BW,fdp,FDP,FALSE,0,6.2,5.1,7.2,0.119984296412619,0.158000059073724,0,135424,135001
269,Backnang – Schwäbisch Gmünd,BW,gru,Grüne,FALSE,0,12.1,10.3,13.7,0.115458404011822,0.13719133979206,0,135424,135001
269,Backnang – Schwäbisch Gmünd,BW,spd,SPD,FALSE,0,16.7,14.7,18.5,0.243731527914608,0.216660267013233,0,135424,135001
270,Aalen – Heidenheim,BW,afd,AfD,FALSE,1,19.6,16.9,22.1,0.101765378924479,0.107249843044635,0,167245,166933
270,Aalen – Heidenheim,BW,oth,And.,FALSE,0,5.4,4.7,6,0.0696986216026789,0.0816885407635505,0,167245,166933
270,Aalen – Heidenheim,BW,cdu,CDU/CSU,TRUE,99,38.4,35.1,41.5,0.370400100639179,0.274160662501121,1,167245,166933
270,Aalen – Heidenheim,BW,fdp,FDP,FALSE,0,5.2,4.2,6.1,0.0940976319840894,0.146862387515322,0,167245,166933
270,Aalen – Heidenheim,BW,gru,Grüne,FALSE,0,11.5,9.8,13,0.121989061479755,0.126915602858082,0,167245,166933
270,Aalen – Heidenheim,BW,spd,SPD,FALSE,0,17.2,15.1,19.1,0.218656586774335,0.235989117761368,0,167245,166933
271,Karlsruhe-Stadt,BW,afd,AfD,FALSE,0,12.1,10.2,13.9,0.0683198412547949,0.0679884897897367,0,158468,158241
271,Karlsruhe-Stadt,BW,oth,And.,FALSE,0,5.3,4.6,6,0.0707844363976466,0.0778201277229472,0,158468,158241
271,Karlsruhe-Stadt,BW,cdu,CDU/CSU,FALSE,9,23.2,20.6,25.7,0.19540447797979,0.17667920337229,0,158468,158241
271,Karlsruhe-Stadt,BW,fdp,FDP,FALSE,0,5,4,5.8,0.0998034643360444,0.130089355579675,0,158468,158241
271,Karlsruhe-Stadt,BW,gru,Grüne,TRUE,90,30.1,27.2,32.9,0.300004423632308,0.277727995557463,1,158468,158241
271,Karlsruhe-Stadt,BW,spd,SPD,FALSE,0,16.3,14.3,18.1,0.212523935010522,0.213468965343161,0,158468,158241
272,Karlsruhe-Land,BW,afd,AfD,FALSE,1,17.4,14.9,19.8,0.0899981354392845,0.095233237113897,0,166633,166259
272,Karlsruhe-Land,BW,oth,And.,FALSE,0,5.3,4.6,6,0.0683150987314972,0.0800981798323261,0,166633,166259
272,Karlsruhe-Land,BW,cdu,CDU/CSU,TRUE,99,35.3,32.1,38.4,0.304230146939414,0.257037921660175,1,166633,166259
272,Karlsruhe-Land,BW,fdp,FDP,FALSE,0,5.9,4.8,6.8,0.114676498715859,0.14798989395858,0,166633,166259
272,Karlsruhe-Land,BW,gru,Grüne,FALSE,0,15.8,13.8,17.7,0.166938331158012,0.161846693031992,0,166633,166259
272,Karlsruhe-Land,BW,spd,SPD,FALSE,0,17.4,15.4,19.3,0.228246290426383,0.230890639909262,0,166633,166259
273,Rastatt,BW,afd,AfD,FALSE,1,19.5,16.9,22,0.107132393632605,0.106196358907672,0,153800,153595
273,Rastatt,BW,oth,And.,FALSE,0,4.8,4.2,5.5,0.0573325954620919,0.0785045513654096,0,153800,153595
273,Rastatt,BW,cdu,CDU/CSU,TRUE,99,36.8,33.5,39.9,0.331963931117549,0.26979843953186,1,153800,153595
273,Rastatt,BW,fdp,FDP,FALSE,0,5.5,4.5,6.4,0.115654806471565,0.13816644993498,0,153800,153595
273,Rastatt,BW,gru,Grüne,FALSE,0,13,11.1,14.7,0.129965168136984,0.142561768530559,0,153800,153595
273,Rastatt,BW,spd,SPD,FALSE,0,17.4,15.4,19.4,0.226875874865718,0.236944083224967,0,153800,153595
274,Heidelberg,BW,afd,AfD,FALSE,0,10.8,9,12.4,0.0612725533155568,0.0612033664396733,0,176804,176637
274,Heidelberg,BW,oth,And.,FALSE,0,4.2,3.6,4.8,0.0587589236683141,0.0664408045066854,0,176804,176637
274,Heidelberg,BW,cdu,CDU/CSU,FALSE,47,28.3,25.3,31.1,0.241070670357853,0.208043935657564,0,176804,176637
274,Heidelberg,BW,fdp,FDP,FALSE,0,4.8,3.8,5.7,0.0900490837140576,0.131444989932354,0,176804,176637
274,Heidelberg,BW,gru,Grüne,TRUE,52,28.5,25.7,31.2,0.301680848293393,0.256295106445556,1,176804,176637
274,Heidelberg,BW,spd,SPD,FALSE,0,16.9,14.8,18.8,0.201554600678227,0.227794620031221,0,176804,176637
275,Mannheim,BW,afd,AfD,FALSE,4,17.1,14.7,19.3,0.097832109218508,0.0911277107408117,0,140967,140782
275,Mannheim,BW,oth,And.,FALSE,0,5.1,4.4,5.8,0.0575215581537412,0.0808203338369973,0,140967,140782
275,Mannheim,BW,cdu,CDU/CSU,TRUE,60,23.8,21.1,26.4,0.198789617990936,0.182184482893159,0,140967,140782
275,Mannheim,BW,fdp,FDP,FALSE,0,5.1,4.2,6,0.105688227188135,0.131342796541034,0,140967,140782
275,Mannheim,BW,gru,Grüne,FALSE,25,21.7,19.3,24,0.225334204656845,0.21149630764647,0,140967,140782
275,Mannheim,BW,spd,SPD,FALSE,11,20.4,18.2,22.4,0.26354221420352,0.252903161732888,1,140967,140782
276,Odenwald – Tauber,BW,afd,AfD,FALSE,1,21.6,18.8,24.4,0.120897087087837,0.119680486497938,0,160494,160252
276,Odenwald – Tauber,BW,oth,And.,FALSE,0,6,5.3,6.7,0.0838554277013703,0.08764813637893,0,160494,160252
276,Odenwald – Tauber,BW,cdu,CDU/CSU,TRUE,99,40.1,36.7,43.4,0.358129695729226,0.304472441337371,1,160494,160252
276,Odenwald – Tauber,BW,fdp,FDP,FALSE,0,4.6,3.7,5.4,0.0970284302223997,0.130490859471382,0,160494,160252
276,Odenwald – Tauber,BW,gru,Grüne,FALSE,0,9.5,8.1,10.9,0.110419838753963,0.11058357321769,0,160494,160252
276,Odenwald – Tauber,BW,spd,SPD,FALSE,0,15.6,13.6,17.4,0.206443601327909,0.22167806896208,0,160494,160252
277,Rhein-Neckar,BW,afd,AfD,FALSE,1,18.9,16.3,21.4,0.100303612530083,0.102834649794999,0,152682,152497
277,Rhein-Neckar,BW,oth,And.,FALSE,0,4.6,3.9,5.2,0.0473255211577933,0.0781362570571515,0,152682,152497
277,Rhein-Neckar,BW,cdu,CDU/CSU,TRUE,98,34.2,31,37.3,0.28516626556588,0.254587967147404,1,152682,152497
277,Rhein-Neckar,BW,fdp,FDP,FALSE,0,5.7,4.7,6.6,0.11652032499,0.143703907467809,0,152682,152497
277,Rhein-Neckar,BW,gru,Grüne,FALSE,0,14.9,12.9,16.7,0.148829157294898,0.157661020945495,0,152682,152497
277,Rhein-Neckar,BW,spd,SPD,FALSE,1,18.7,16.6,20.6,0.270202036761379,0.23478209612135,0,152682,152497
278,Bruchsal – Schwetzingen,BW,afd,AfD,FALSE,3,21.4,18.6,24.1,0.115523657982863,0.115814187934419,0,150776,150203
278,Bruchsal – Schwetzingen,BW,oth,And.,FALSE,0,5.7,5,6.4,0.0698055298496035,0.0865721334960471,0,150776,150203
278,Bruchsal – Schwetzingen,BW,cdu,CDU/CSU,TRUE,97,34.5,31.3,37.6,0.296032702409406,0.257773120390513,1,150776,150203
278,Bruchsal – Schwetzingen,BW,fdp,FDP,FALSE,0,5.8,4.7,6.7,0.117407774811422,0.145765904387966,0,150776,150203
278,Bruchsal – Schwetzingen,BW,gru,Grüne,FALSE,0,13.1,11.3,14.7,0.147493725158619,0.138337666472118,0,150776,150203
278,Bruchsal – Schwetzingen,BW,spd,SPD,FALSE,0,16.7,14.7,18.6,0.218610813365911,0.22837852178065501,0,150776,150203
279,Pforzheim,BW,afd,AfD,FALSE,12,25.3,22.2,28.1,0.141152078552488,0.135459392314457,0,162617,162541
279,Pforzheim,BW,oth,And.,FALSE,0,6.5,5.7,7.2,0.0874733144252835,0.091896911147051,0,162617,162541
279,Pforzheim,BW,cdu,CDU/CSU,TRUE,87,32.1,29,35,0.2847958361275,0.241819735943966,1,162617,162541
279,Pforzheim,BW,fdp,FDP,FALSE,0,6.5,5.4,7.5,0.126934127389397,0.16298418984485,0,162617,162541
279,Pforzheim,BW,gru,Grüne,FALSE,0,11.7,10.1,13.3,0.127223285201888,0.13044761617789,0,162617,162541
279,Pforzheim,BW,spd,SPD,FALSE,0,15.2,13.4,17,0.208913443377363,0.210691379130103,0,162617,162541
280,Calw,BW,afd,AfD,FALSE,3,23.5,20.5,26.3,0.123210549589804,0.128460036414492,0,151588,151513
280,Calw,BW,oth,And.,FALSE,0,5.7,5.1,6.4,0.0774851002884241,0.0856004433068581,0,151588,151513
280,Calw,BW,cdu,CDU/CSU,TRUE,97,37.7,34.4,41,0.33797759928191,0.28261471884318,1,151588,151513
280,Calw,BW,fdp,FDP,FALSE,0,7.5,6.3,8.6,0.14972312606839,0.17659709211811,0,151588,151513
280,Calw,BW,gru,Grüne,FALSE,0,10.1,8.6,11.5,0.116900859992212,0.114131725466396,0,151588,151513
280,Calw,BW,spd,SPD,FALSE,0,13,11.3,14.6,0.17233504715767,0.188477979787318,0,151588,151513
281,Freiburg,BW,afd,AfD,FALSE,0,8,6.5,9.4,0.0450967630681597,0.0492236188866589,0,179873,179769
281,Freiburg,BW,oth,And.,FALSE,0,4.7,4.1,5.4,0.0631477062229862,0.0728569601885775,0,179873,179769
281,Freiburg,BW,cdu,CDU/CSU,FALSE,5,23.1,20.4,25.7,0.206437149897925,0.173989425872699,0,179873,179769
281,Freiburg,BW,fdp,FDP,FALSE,0,3.6,2.8,4.3,0.0769598762856777,0.106436207768815,0,179873,179769
281,Freiburg,BW,gru,Grüne,TRUE,94,32.8,29.6,35.8,0.288019625185655,0.316117482890706,1,179873,179769
281,Freiburg,BW,spd,SPD,FALSE,0,17.5,15.5,19.4,0.262548047772419,0.212277551383476,0,179873,179769
282,Lörrach – Müllheim,BW,afd,AfD,FALSE,1,15.2,12.9,17.3,0.0811226384440421,0.0822569522915472,0,172569,172344
282,Lörrach – Müllheim,BW,oth,And.,FALSE,0,6.1,5.4,6.8,0.0742120410342107,0.0870434434921683,0,172569,172344
282,Lörrach – Müllheim,BW,cdu,CDU/CSU,TRUE,96,30.7,27.7,33.6,0.252454393538504,0.223104960914185,1,172569,172344
282,Lörrach – Müllheim,BW,fdp,FDP,FALSE,0,6.6,5.5,7.5,0.141751380959012,0.142951515046155,0,172569,172344
282,Lörrach – Müllheim,BW,gru,Grüne,FALSE,2,19.6,17.4,21.8,0.206319918302929,0.190167411296351,0,172569,172344
282,Lörrach – Müllheim,BW,spd,SPD,FALSE,1,18.2,16,20.2,0.217564870259481,0.24241897443921,0,172569,172344
283,Emmendingen – Lahr,BW,afd,AfD,FALSE,1,16.4,14,18.6,0.086382046743272,0.0898770501644934,0,166572,166655
283,Emmendingen – Lahr,BW,oth,And.,FALSE,0,6.3,5.6,7,0.0879121538507696,0.0869413827053767,0,166572,166655
283,Emmendingen – Lahr,BW,cdu,CDU/CSU,TRUE,98,33.6,30.5,36.7,0.278455491884432,0.24807890882021,1,166572,166655
283,Emmendingen – Lahr,BW,fdp,FDP,FALSE,0,5,4,5.8,0.0997269808886622,0.132891482361982,0,166572,166655
283,Emmendingen – Lahr,BW,gru,Grüne,FALSE,0,16,13.8,17.9,0.140079805586391,0.172441947025911,0,166572,166655
283,Emmendingen – Lahr,BW,spd,SPD,FALSE,1,19.2,17.2,21.2,0.277915454081786,0.238497466561007,0,166572,166655
284,Offenburg,BW,afd,AfD,FALSE,1,17.9,15.4,20.3,0.0894343003357976,0.0987113402061856,0,155200,155153
284,Offenburg,BW,oth,And.,FALSE,0,7.9,7.1,8.6,0.0996629133822743,0.105167525773196,0,155200,155153
284,Offenburg,BW,cdu,CDU/CSU,TRUE,99,36.5,33.3,39.5,0.348997441235426,0.259085051546392,1,155200,155153
284,Offenburg,BW,fdp,FDP,FALSE,0,5.6,4.6,6.5,0.107584126636288,0.146900773195876,0,155200,155153
284,Offenburg,BW,gru,Grüne,FALSE,0,13.9,12,15.6,0.139971511991389,0.148730670103093,0,155200,155153
284,Offenburg,BW,spd,SPD,FALSE,0,15.1,13.3,16.9,0.186931609443582,0.212905927835052,0,155200,155153
285,Rottweil – Tuttlingen,BW,afd,AfD,FALSE,5,24.7,21.7,27.7,0.137265114517242,0.133594474099031,0,147813,147838
285,Rottweil – Tuttlingen,BW,oth,And.,FALSE,0,6.1,5.4,6.8,0.0735670125407541,0.092014910731803,0,147813,147838
285,Rottweil – Tuttlingen,BW,cdu,CDU/CSU,TRUE,95,36.4,33.1,39.6,0.314770221458624,0.276146211767571,1,147813,147838
285,Rottweil – Tuttlingen,BW,fdp,FDP,FALSE,0,8.1,7,9.2,0.167642960537886,0.181093679175715,0,147813,147838
285,Rottweil – Tuttlingen,BW,gru,Grüne,FALSE,0,9.8,8.4,11.1,0.122999499452103,0.108488427946121,0,147813,147838
285,Rottweil – Tuttlingen,BW,spd,SPD,FALSE,0,12.6,10.9,14.2,0.16226545272528,0.186201484307876,0,147813,147838
286,Schwarzwald-Baar,BW,afd,AfD,FALSE,1,19.9,17.2,22.4,0.105315576334244,0.107774723918303,0,121522,121492
286,Schwarzwald-Baar,BW,oth,And.,FALSE,0,6.2,5.5,6.9,0.0684571823659171,0.0935057026711213,0,121522,121492
286,Schwarzwald-Baar,BW,cdu,CDU/CSU,TRUE,99,37.5,34.3,40.7,0.363711190860304,0.265869554483962,1,121522,121492
286,Schwarzwald-Baar,BW,fdp,FDP,FALSE,0,6.9,5.8,7.9,0.137844467125407,0.162077648491631,0,121522,121492
286,Schwarzwald-Baar,BW,gru,Grüne,FALSE,0,12,10.3,13.6,0.120929773153788,0.13315284475239,0,121522,121492
286,Schwarzwald-Baar,BW,spd,SPD,FALSE,0,14.9,13,16.7,0.181048957956079,0.212422442026958,0,121522,121492
287,Konstanz,BW,afd,AfD,FALSE,0,15.7,13.4,17.8,0.0862969171902794,0.0853005115089514,0,156400,156286
287,Konstanz,BW,oth,And.,FALSE,0,4.4,3.8,5.1,0.04333081657986,0.0765153452685422,0,156400,156286
287,Konstanz,BW,cdu,CDU/CSU,TRUE,98,33.7,30.7,36.7,0.341438132654236,0.231515345268542,1,156400,156286
287,Konstanz,BW,fdp,FDP,FALSE,0,5.8,4.8,6.8,0.10907566896587,0.150313299232737,0,156400,156286
287,Konstanz,BW,gru,Grüne,FALSE,2,20.3,17.9,22.6,0.180067312491202,0.210441176470588,0,156400,156286
287,Konstanz,BW,spd,SPD,FALSE,0,15.5,13.6,17.3,0.201463982698386,0.208804347826087,0,156400,156286
288,Waldshut,BW,afd,AfD,FALSE,0,15.2,12.9,17.3,0.0846697361299554,0.083430848306202,0,135022,134877
288,Waldshut,BW,oth,And.,FALSE,0,5.8,5.1,6.5,0.0679952845926288,0.0871635733436033,0,135022,134877
288,Waldshut,BW,cdu,CDU/CSU,TRUE,99,37,33.8,40.1,0.336121058445843,0.263623705766468,1,135022,134877
288,Waldshut,BW,fdp,FDP,FALSE,0,4.5,3.5,5.3,0.0757504986024304,0.136437025077395,0,135022,134877
288,Waldshut,BW,gru,Grüne,FALSE,0,16.4,14.2,18.3,0.153317467025512,0.172520033772274,0,135022,134877
288,Waldshut,BW,spd,SPD,FALSE,0,18.1,16,19.9,0.255410485108655,0.227977662899379,0,135022,134877
289,Reutlingen,BW,afd,AfD,FALSE,1,18.9,16.3,21.3,0.100710271057274,0.10258561363264,0,152575,152477
289,Reutlingen,BW,oth,And.,FALSE,0,4.5,3.9,5.1,0.054270480137988,0.0741799115189251,0,152575,152477
289,Reutlingen,BW,cdu,CDU/CSU,TRUE,99,35.8,32.6,38.9,0.325498271870512,0.258915287563493,1,152575,152477
289,Reutlingen,BW,fdp,FDP,FALSE,0,6.9,5.8,7.9,0.133862812096251,0.165741438636736,0,152575,152477
289,Reutlingen,BW,gru,Grüne,FALSE,0,15.4,13.4,17.2,0.166575942601179,0.158590856955596,0,152575,152477
289,Reutlingen,BW,spd,SPD,FALSE,0,14.5,12.7,16.3,0.178623661273504,0.206685236768802,0,152575,152477
290,Tübingen,BW,afd,AfD,FALSE,0,14.1,12,16.1,0.0782068308818002,0.0785324913475319,0,159781,159628
290,Tübingen,BW,oth,And.,FALSE,0,4.9,4.3,5.5,0.0725123411932744,0.0722801835011672,0,159781,159628
290,Tübingen,BW,cdu,CDU/CSU,TRUE,86,30,27,32.9,0.269526649459994,0.217641647004337,1,159781,159628
290,Tübingen,BW,fdp,FDP,FALSE,0,5.1,4.1,6,0.0943380860500664,0.141931769108968,0,159781,159628
290,Tübingen,BW,gru,Grüne,FALSE,13,24.3,21.7,26.8,0.256709349236976,0.234220589431785,0,159781,159628
290,Tübingen,BW,spd,SPD,FALSE,0,14.6,12.7,16.3,0.181559626130754,0.203879059462639,0,159781,159628
291,Ulm,BW,afd,AfD,FALSE,0,16.6,14.2,18.8,0.0905237559517722,0.0910850622995487,0,176165,175998
291,Ulm,BW,oth,And.,FALSE,0,5.6,5,6.3,0.0713189922612757,0.0845343853773451,0,176165,175998
291,Ulm,BW,cdu,CDU/CSU,TRUE,99,36.6,33.4,39.7,0.327321901385243,0.26568841710896,1,176165,175998
291,Ulm,BW,fdp,FDP,FALSE,0,5.6,4.6,6.5,0.112188774872442,0.144120568784946,0,176165,175998
291,Ulm,BW,gru,Grüne,FALSE,0,17.5,15.3,19.6,0.187570313299015,0.177322396616808,0,176165,175998
291,Ulm,BW,spd,SPD,FALSE,0,14.7,12.8,16.4,0.182820259321129,0.206726648312661,0,176165,175998
292,Biberach,BW,afd,AfD,FALSE,1,19.3,16.7,21.8,0.101905864372669,0.108205399682372,0,132230,132171
292,Biberach,BW,oth,And.,FALSE,0,8,7.3,8.8,0.110886654409818,0.106617257808364,0,132230,132171
292,Biberach,BW,cdu,CDU/CSU,TRUE,99,40.4,37.1,43.7,0.351499194225662,0.30607275202299,1,132230,132171
292,Biberach,BW,fdp,FDP,FALSE,0,5.1,4.1,6,0.098697898933956807,0.144921727293352,0,132230,132171
292,Biberach,BW,gru,Grüne,FALSE,0,12.4,10.6,14,0.135521407873134,0.136655826968162,0,132230,132171
292,Biberach,BW,spd,SPD,FALSE,0,12.5,11,14,0.18587284653971,0.175088860319141,0,132230,132171
293,Bodensee,BW,afd,AfD,FALSE,0,16.1,13.7,18.2,0.0920185733611203,0.0870747106278499,0,136848,136755
293,Bodensee,BW,oth,And.,FALSE,0,6.1,5.4,6.8,0.0738693283609374,0.0893034607739974,0,136848,136755
293,Bodensee,BW,cdu,CDU/CSU,TRUE,99,36.5,33.2,39.6,0.304369127271398,0.267238103589384,1,136848,136755
293,Bodensee,BW,fdp,FDP,FALSE,0,6.4,5.3,7.4,0.12248912288399,0.157919735765229,0,136848,136755
293,Bodensee,BW,gru,Grüne,FALSE,0,16.9,14.7,18.8,0.170999232203576,0.172709867882614,0,136848,136755
293,Bodensee,BW,spd,SPD,FALSE,0,15,13.1,16.7,0.208409198932397,0.197218812112709,0,136848,136755
294,Ravensburg,BW,afd,AfD,FALSE,0,15.6,13.2,17.7,0.0803549403864602,0.0866568935045007,0,145978,145940
294,Ravensburg,BW,oth,And.,FALSE,0,7.3,6.6,8.1,0.0921337535973688,0.100289084656592,0,145978,145940
294,Ravensburg,BW,cdu,CDU/CSU,TRUE,99,36.2,33,39.4,0.305584486775387,0.266663469837921,1,145978,145940
294,Ravensburg,BW,fdp,FDP,FALSE,0,6.6,5.6,7.6,0.143442510620803,0.148926550576114,0,145978,145940
294,Ravensburg,BW,gru,Grüne,FALSE,0,18,15.9,20,0.210655063724818,0.174930468974777,0,145978,145940
294,Ravensburg,BW,spd,SPD,FALSE,0,12.5,10.8,14.1,0.137919693024531,0.190097137924893,0,145978,145940
295,Zollernalb – Sigmaringen,BW,afd,AfD,FALSE,2,22,19.1,24.7,0.114035602217074,0.12067525999707,0,136540,136396
295,Zollernalb – Sigmaringen,BW,oth,And.,FALSE,0,5.7,5,6.4,0.0742103874013901,0.0862164933352864,0,136540,136396
295,Zollernalb – Sigmaringen,BW,cdu,CDU/CSU,TRUE,98,37.5,34.1,40.7,0.301372474266108,0.288062106342464,1,136540,136396
295,Zollernalb – Sigmaringen,BW,fdp,FDP,FALSE,0,7,5.9,8,0.136939499692073,0.169913578438553,0,136540,136396
295,Zollernalb – Sigmaringen,BW,gru,Grüne,FALSE,0,11.5,10,12.9,0.169491773952315,0.113541819247107,0,136540,136396
295,Zollernalb – Sigmaringen,BW,spd,SPD,FALSE,0,13.7,12,15.3,0.183069884747353,0.195664274205361,0,136540,136396
296,Saarbrücken,SL,afd,AfD,FALSE,1,16.5,14.1,18.8,0.0895240672944059,0.0925865284679015,0,140474,140398
296,Saarbrücken,SL,oth,And.,FALSE,0,7,6.2,7.8,0.0643029102978675,0.108290502156983,0,140474,140398
296,Saarbrücken,SL,cdu,CDU/CSU,FALSE,26,26.9,23.8,29.7,0.251086197809086,0.204998789811638,0,140474,140398
296,Saarbrücken,SL,fdp,FDP,FALSE,0,3.9,3.1,4.7,0.0829570221798031,0.117018095875393,0,140474,140398
296,Saarbrücken,SL,gru,Grüne,FALSE,0,1,0.7,1.2,0.0793672274533825,0,0,140474,140398
296,Saarbrücken,SL,spd,SPD,TRUE,73,29.7,26.7,32.6,0.368587871622103,0.381116790295713,1,140474,140398
297,Saarlouis,SL,afd,AfD,FALSE,1,18.1,15.5,20.5,0.096789070156223,0.100147812565988,0,156279,156123
297,Saarlouis,SL,oth,And.,FALSE,0,7,6.2,7.7,0.0731602646631182,0.103910314245676,0,156279,156123
297,Saarlouis,SL,cdu,CDU/CSU,TRUE,73,31.9,28.6,35,0.279721757844776,0.243698769508379,0,156279,156123
297,Saarlouis,SL,fdp,FDP,FALSE,0,4,3.2,4.8,0.081839318998482,0.120758387243328,0,156279,156123
297,Saarlouis,SL,gru,Grüne,FALSE,0,0.6,0.4,0.8,0.0472896370169674,0,0,156279,156123
297,Saarlouis,SL,spd,SPD,FALSE,26,28.8,26,31.5,0.367364193616572,0.364220400693631,1,156279,156123
298,St. Wendel,SL,afd,AfD,FALSE,0,16.9,14.4,19.2,0.090129945977515,0.0941677856267149,0,137032,136980
298,St. Wendel,SL,oth,And.,FALSE,0,6.7,5.9,7.5,0.0707767557307636,0.101056687489054,0,137032,136980
298,St. Wendel,SL,cdu,CDU/CSU,TRUE,86,35.4,32,38.7,0.320689151700978,0.264522155408956,0,137032,136980
298,St. Wendel,SL,fdp,FDP,FALSE,0,3.7,2.9,4.4,0.082888012848591,0.108850487477378,0,137032,136980
298,St. Wendel,SL,gru,Grüne,FALSE,0,0.6,0.3,0.8,0.0418966272448533,0,0,137032,136980
298,St. Wendel,SL,spd,SPD,FALSE,14,29,26.1,31.8,0.351401664476566,0.373846984645922,1,137032,136980
299,Homburg,SL,afd,AfD,FALSE,3,21,18.2,23.6,0.116107497922815,0.114867424919397,0,139883,139612
299,Homburg,SL,oth,And.,FALSE,0,7.1,6.3,7.8,0.0765406985072916,0.105473860297534,0,139883,139612
299,Homburg,SL,cdu,CDU/CSU,TRUE,53,29.4,26.3,32.5,0.261238288972295,0.228791204077693,0,139883,139612
299,Homburg,SL,fdp,FDP,FALSE,0,3.6,2.9,4.4,0.0788972294645159,0.1123724827177,0,139883,139612
299,Homburg,SL,gru,Grüne,FALSE,0,0.6,0.4,0.8,0.0488926453313469,0,0,139883,139612
299,Homburg,SL,spd,SPD,FALSE,44,28.9,26,31.6,0.365949918345128,0.372389782889987,1,139883,139612
1,Flensburg – Schleswig,SH,lin,Linke,FALSE,0,2.4,1.7,3,0.0366456670866583,0.02092372288313505,0,178625,178575
2,Nordfriesland – Dithmarschen Nord,SH,lin,Linke,FALSE,0,1.6,1.1,2,0.0281846581048247,0.0153907523674078,0,144145,144050
3,Steinburg – Dithmarschen Süd,SH,lin,Linke,FALSE,0,1.8,1.2,2.3,0.032145503037487,0.0167420379101318,0,135109,134980
4,Rendsburg-Eckernförde,SH,lin,Linke,FALSE,0,1.6,1.1,2.1,0.0274883286647993,0.01603864434158615,0,160955,160650
5,Kiel,SH,lin,Linke,FALSE,0,3.9,2.9,4.8,0.046991267052501,0.03040601542549075,0,155068,154816
6,Plön – Neumünster,SH,lin,Linke,FALSE,0,1.6,1.1,2.1,0.0281747775874873,0.01596655775804175,0,132527,131962
7,Pinneberg,SH,lin,Linke,FALSE,0,1.8,1.2,2.3,0.0297733980817493,0.01672097545593105,0,190270,190069
8,Segeberg – Stormarn-Mitte,SH,lin,Linke,FALSE,0,1.7,1.2,2.2,0.031336209945533,0.01631150228229895,0,198265,197918
9,Ostholstein – Stormarn-Nord,SH,lin,Linke,FALSE,0,1.5,1,1.9,0.0290709565487231,0.0142146711184368,0,141966,141791
10,Herzogtum Lauenburg – Stormarn-Süd,SH,lin,Linke,FALSE,0,1.6,1.1,2.1,0.026458195743548,0.016169275054068,0,195587,195327
11,Lübeck,SH,lin,Linke,FALSE,0,2.4,1.7,3.1,0.0309528392685274,0.0222095103542004,0,130237,129875
12,Schwerin – Ludwigslust-Parchim I – Nordwestmecklenburg I,MV,lin,Linke,FALSE,0,8.2,6.6,9.7,0.116569449507838,0.053852091617314,0,154163,153608
13,Ludwigslust-Parchim II – Nordwestmecklenburg II – Landkreis Rostock I,MV,lin,Linke,FALSE,0,7.6,6.1,9,0.103779348263749,0.051972880697274,0,144104,144046
14,Rostock – Landkreis Rostock II,MV,lin,Linke,FALSE,0,11.5,9.7,13.3,0.182289430096313,0.065932616258736,0,162977,163010
15,Vorpommern-Rügen – Vorpommern-Greifswald I,MV,lin,Linke,FALSE,0,8.6,7.1,10.1,0.137024308920092,0.056873910447041,0,165779,166153
16,Mecklenburgische Seenplatte I – Vorpommern-Greifswald II,MV,lin,Linke,FALSE,0,7,5.7,8.3,0.107534446597818,0.0508812351858475,0,151038,150668
17,Mecklenburgische Seenplatte II – Landkreis Rostock III,MV,lin,Linke,FALSE,0,7.1,5.7,8.4,0.103086037794895,0.0512578303669085,0,140798,140601
18,Hamburg-Mitte,HH,lin,Linke,FALSE,0,7.1,5.7,8.5,0.090882052548289,0.04366441712637565,0,178555,178198
19,Hamburg-Altona,HH,lin,Linke,FALSE,0,7.4,5.9,8.8,0.0968903695607803,0.04492915611953055,0,152095,151883
20,Hamburg-Eimsbüttel,HH,lin,Linke,FALSE,0,5.1,4,6.2,0.0709264616749667,0.0338197237551835,0,160365,160039
21,Hamburg-Nord,HH,lin,Linke,FALSE,0,3.1,2.3,3.9,0.0493695141214723,0.02366384934837105,0,184691,184223
22,Hamburg-Wandsbek,HH,lin,Linke,FALSE,0,3.7,2.8,4.5,0.0616760282239346,0.0256103135614306,0,172821,172336
23,Hamburg-Bergedorf – Harburg,HH,lin,Linke,FALSE,0,4.5,3.5,5.5,0.0671646078713014,0.03145519274982965,0,157017,156645
24,Aurich – Emden,NI,lin,Linke,FALSE,0,1.9,1.3,2.4,0.0358583958513142,0.0171483325256619,0,136194,135561
25,Unterems,NI,lin,Linke,FALSE,0,1.3,0.9,1.7,0.0250824474667188,0.01334090752599325,0,174276,173747
26,Friesland – Wilhelmshaven – Wittmund,NI,lin,Linke,FALSE,0,1.6,1.1,2,0.0260197328841295,0.0155044008124577,0,132930,132976
27,Oldenburg – Ammerland,NI,lin,Linke,FALSE,0,3.4,2.5,4.2,0.0590908035838633,0.0241784989858012,0,172550,172328
28,Delmenhorst – Wesermarsch – Oldenburg-Land,NI,lin,Linke,FALSE,0,1.6,1.1,2.1,0.030443533450226,0.0155588993450832,0,162158,161972
29,Cuxhaven – Stade II,NI,lin,Linke,FALSE,0,1.2,0.8,1.6,0.0192880462798557,0.0131409430559134,0,139716,139672
30,Stade I – Rotenburg II,NI,lin,Linke,FALSE,0,1.5,1,1.9,0.0288117477577954,0.0142524820062829,0,150886,150633
31,Mittelems,NI,lin,Linke,FALSE,0,1.1,0.7,1.4,0.022297489579439,0.01105946867737785,0,179439,179213
32,Cloppenburg – Vechta,NI,lin,Linke,FALSE,0,1,0.7,1.3,0.0217052933462429,0.0108630442235173,0,163352,163186
33,Diepholz – Nienburg I,NI,lin,Linke,FALSE,0,1.4,0.9,1.8,0.0276918635820034,0.0134272326199545,0,145972,145494
34,Osterholz – Verden,NI,lin,Linke,FALSE,0,2,1.4,2.5,0.042676110080934,0.01748447266990195,0,150219,149381
35,Rotenburg I – Heidekreis,NI,lin,Linke,FALSE,0,1.4,0.9,1.8,0.0242417408952531,0.01423464622717465,0,124204,124166
36,Harburg,NI,lin,Linke,FALSE,0,1.5,1,1.9,0.0263530056755528,0.0145637107912058,0,160742,160513
37,Lüchow-Dannenberg – Lüneburg,NI,lin,Linke,FALSE,0,2.6,1.9,3.3,0.0390737955636929,0.0229099387427049,0,138106,137637
38,Osnabrück-Land,NI,lin,Linke,FALSE,0,1.2,0.8,1.6,0.023880041969373,0.01286073189860295,0,150458,150586
39,Stadt Osnabrück,NI,lin,Linke,FALSE,0,2.6,1.9,3.3,0.0470763666788119,0.02095481785738335,0,148510,148206
40,Nienburg II – Schaumburg,NI,lin,Linke,FALSE,0,1.3,0.9,1.7,0.0216735970405303,0.0135480139923268,0,141792,141647
41,Stadt Hannover I,NI,lin,Linke,FALSE,0,2.6,1.8,3.3,0.0365140158368383,0.02260436098004485,0,127586,127677
42,Stadt Hannover II,NI,lin,Linke,FALSE,0,4.1,3.1,5.1,0.0518494611585092,0.030996840996841,0,142450,142528
43,Hannover-Land I,NI,lin,Linke,FALSE,0,1.2,0.9,1.6,0.0229960084798142,0.01303980266586375,0,172702,173117
44,Celle – Uelzen,NI,lin,Linke,FALSE,0,1.5,1,1.9,0.0278164383211819,0.0149206146783141,0,156830,156634
45,Gifhorn – Peine,NI,lin,Linke,FALSE,0,1.2,0.8,1.5,0.0219301434942796,0.01257962749499485,0,164830,165024
46,Hameln-Pyrmont – Holzminden,NI,lin,Linke,FALSE,0,1.4,1,1.9,0.0279441724693648,0.01418595992675275,0,131609,131548
47,Hannover-Land II,NI,lin,Linke,FALSE,0,1.3,0.9,1.7,0.0228072715931116,0.01394255466464165,0,179092,179548
48,Hildesheim,NI,lin,Linke,FALSE,0,1.8,1.3,2.3,0.0342543231943203,0.01661054713414865,0,159778,160009
49,Salzgitter – Wolfenbüttel,NI,lin,Linke,FALSE,0,1.7,1.2,2.2,0.0390238200022005,0.01536487284006535,0,145722,145424
50,Braunschweig,NI,lin,Linke,FALSE,0,2.7,1.9,3.4,0.0383510207591381,0.02281146352319555,0,139294,139553
51,Helmstedt – Wolfsburg,NI,lin,Linke,FALSE,0,1.4,0.9,1.8,0.0277028702498295,0.0135289929104362,0,129204,129048
52,Goslar – Northeim – Göttingen II,NI,lin,Linke,FALSE,0,1.5,1,1.9,0.0269943055037412,0.0149351790043214,0,142315,142067
53,Göttingen I,NI,lin,Linke,FALSE,0,3.2,2.3,3.9,0.0505213917994444,0.02536414958984435,0,160305,159477
54,Bremen I,HB,lin,Linke,FALSE,0,6.5,5.2,7.8,0.0827481064599316,0.04248341314100315,0,185237,184971
55,Bremen II – Bremerhaven,HB,lin,Linke,FALSE,0,4.9,3.8,6,0.0747223512520586,0.0336582564792056,0,142803,142086
56,Prignitz – Ostprignitz-Ruppin – Havelland I,BB,lin,Linke,FALSE,0,5.7,4.5,6.8,0.0897490007199782,0.04030312045484595,0,121008,120837
57,Uckermark – Barnim I,BB,lin,Linke,FALSE,0,6.4,5.1,7.6,0.0953619821912505,0.0449414295219968,0,129246,129150
58,Oberhavel – Havelland II,BB,lin,Linke,FALSE,0,4.7,3.6,5.6,0.0804252404818977,0.0327959272456082,0,193088,192738
59,Märkisch-Oderland – Barnim II,BB,lin,Linke,FALSE,0,8,6.5,9.4,0.124563024872423,0.0515879838164335,0,174498,174209
60,Brandenburg an der Havel – Potsdam-Mittelmark I – Havelland III – Teltow-Fläming I,BB,lin,Linke,FALSE,0,5.9,4.7,7.1,0.087165271462866,0.0412799923065827,0,145579,145379
61,Potsdam – Potsdam-Mittelmark II – Teltow-Fläming II,BB,lin,Linke,FALSE,0,7.3,5.8,8.7,0.0778469114882576,0.050586335601027,0,188885,188845
62,Dahme-Spreewald – Teltow-Fläming III,BB,lin,Linke,FALSE,0,5.6,4.5,6.7,0.0912194988060275,0.03897990963723295,0,182376,182165
63,Frankfurt (Oder) – Oder-Spree,BB,lin,Linke,FALSE,0,7.1,5.8,8.4,0.111719512108287,0.04778433743509495,0,140590,140441
64,Cottbus – Spree-Neiße,BB,lin,Linke,FALSE,0,5.2,4.1,6.2,0.0882853366887459,0.03820473311998735,0,126555,126363
65,Elbe-Elster – Oberspreewald-Lausitz,BB,lin,Linke,FALSE,0,4.9,3.9,5.9,0.0895550454043297,0.0362585864275767,0,127818,127631
66,Altmark – Jerichower Land,ST,lin,Linke,FALSE,0,6.6,5.3,7.8,0.0993012928932049,0.04682766079910945,0,158101,157863
67,Börde – Salzlandkreis,ST,lin,Linke,FALSE,0,6.6,5.3,7.8,0.112691761843617,0.0459311387144004,0,148211,147970
68,Harz,ST,lin,Linke,FALSE,0,6.7,5.4,8,0.105324310894157,0.0463334549434513,0,137050,136844
69,Magdeburg,ST,lin,Linke,FALSE,0,7.6,6.1,9,0.0974744352574505,0.052930160119446,0,155384,155292
70,Anhalt – Dessau – Wittenberg,ST,lin,Linke,FALSE,0,6,4.8,7.1,0.0930048607478662,0.0437266716773462,0,156998,156766
71,Halle,ST,lin,Linke,FALSE,0,8.7,7.1,10.2,0.128454366691686,0.05661996616744,0,161383,161209
72,Burgenland – Saalekreis,ST,lin,Linke,FALSE,0,5.8,4.6,6.9,0.0995429836637949,0.0428269011561635,0,141243,140914
73,Mansfeld,ST,lin,Linke,FALSE,0,6.7,5.4,7.9,0.114150153502651,0.04755868217594205,0,143570,143320
74,Berlin-Mitte,BE,lin,Linke,FALSE,0,11.6,9.6,13.6,0.142603575912377,0.0706417193207445,0,138799,138594
75,Berlin-Pankow,BE,lin,Linke,FALSE,0,10.3,8.5,12,0.142007246484858,0.071299370263953,0,134342,134134
76,Berlin-Reinickendorf,BE,lin,Linke,FALSE,0,2.6,1.9,3.2,0.0464958060675505,0.0226302343861655,0,111952,111709
77,Berlin-Spandau – Charlottenburg Nord,BE,lin,Linke,FALSE,0,3.2,2.4,3.9,0.0541167633434879,0.02531782751865285,0,119955,119815
78,Berlin-Steglitz-Zehlendorf,BE,lin,Linke,FALSE,0,2.8,2.1,3.5,0.0424437602481981,0.0238117702559264,0,169580,169542
79,Berlin-Charlottenburg-Wilmersdorf,BE,lin,Linke,FALSE,0,4.3,3.2,5.3,0.0562678278812891,0.0327695961274365,0,131799,131816
80,Berlin-Tempelhof-Schöneberg,BE,lin,Linke,FALSE,0,5.1,3.9,6.2,0.0600568879237088,0.03751668261110915,0,169338,169456
81,Berlin-Neukölln,BE,lin,Linke,FALSE,0,9.6,7.9,11.2,0.129258914539435,0.059365591070831,0,131524,131078
82,Berlin-Friedrichshain-Kreuzberg – Prenzlauer Berg Ost,BE,lin,Linke,FALSE,0,15,12.5,17.5,0.180603079555175,0.093016578864785,0,149769,149632
83,Berlin-Treptow-Köpenick,BE,lin,Linke,FALSE,15,17.4,15.3,19.4,0.353805740230258,0.079966335436827,1,153871,154175
84,Berlin-Marzahn-Hellersdorf,BE,lin,Linke,FALSE,0,13,11,15,0.218005356284478,0.079308974466752,0,130849,131061
85,Berlin-Lichtenberg,BE,lin,Linke,FALSE,9,16.3,14,18.5,0.258024052669251,0.0915228063215905,1,141167,141107
86,Aachen I,NW,lin,Linke,FALSE,0,3.3,2.4,4.1,0.0443515005794994,0.0267529595887805,0,139293,138913
87,Aachen II,NW,lin,Linke,FALSE,0,1.5,1.1,2,0.0266371225272088,0.0155511659678154,0,169087,168787
88,Heinsberg,NW,lin,Linke,FALSE,0,1.5,1,1.9,0.0251045442843326,0.0157288620624987,0,143971,143719
89,Düren,NW,lin,Linke,FALSE,0,1.4,0.9,1.8,0.0227000487040767,0.01502014737492525,0,152129,151938
90,Rhein-Erft-Kreis I,NW,lin,Linke,FALSE,0,1.5,1.1,2,0.0305203857934316,0.0146896861960383,0,193401,192953
91,Euskirchen – Rhein-Erft-Kreis II,NW,lin,Linke,FALSE,0,1.4,1,1.9,0.0261710949088755,0.0149785125003921,0,191274,190783
92,Köln I,NW,lin,Linke,FALSE,0,3.8,2.9,4.7,0.0515936596950016,0.029508138206739,0,140080,139804
93,Köln II,NW,lin,Linke,FALSE,0,3.1,2.3,3.9,0.0429986812626542,0.0254462079057225,0,204333,203983
94,Köln III,NW,lin,Linke,FALSE,0,4.3,3.2,5.2,0.0547247542738508,0.0320688851180684,0,154402,154135
95,Bonn,NW,lin,Linke,FALSE,0,3.2,2.3,4,0.0362554994296888,0.02717898115417145,0,184444,184110
96,Rhein-Sieg-Kreis I,NW,lin,Linke,FALSE,0,1.8,1.3,2.3,0.0334752716312893,0.01700263349462595,0,186824,186466
97,Rhein-Sieg-Kreis II,NW,lin,Linke,FALSE,0,1.6,1.1,2.1,0.0262776637006616,0.0162095758204548,0,175421,175320
98,Oberbergischer Kreis,NW,lin,Linke,FALSE,0,1.6,1.1,2.1,0.0289387850378848,0.01623769489645435,0,158674,158507
99,Rheinisch-Bergischer Kreis,NW,lin,Linke,FALSE,0,1.5,1,2,0.0275936303991252,0.0148439987265202,0,175896,175584
100,Leverkusen – Köln IV,NW,lin,Linke,FALSE,0,2.7,1.9,3.4,0.0370319455354805,0.02391503267973855,0,153000,152760
101,Wuppertal I,NW,lin,Linke,FALSE,0,3.4,2.5,4.2,0.0465100235930407,0.0276996403001396,0,145399,144958
102,Solingen – Remscheid – Wuppertal II,NW,lin,Linke,FALSE,0,2,1.4,2.5,0.0314813328476437,0.01872788469836885,0,162218,161969
103,Mettmann I,NW,lin,Linke,FALSE,0,1.6,1.1,2,0.0269291179003901,0.0156530308007176,0,158308,157896
104,Mettmann II,NW,lin,Linke,FALSE,0,1.6,1.1,2.1,0.0276923578880397,0.0158146990853758,0,122892,122597
105,Düsseldorf I,NW,lin,Linke,FALSE,0,2,1.4,2.6,0.0292846137926277,0.01933701657458565,0,174303,173948
106,Düsseldorf II,NW,lin,Linke,FALSE,0,2.8,2.1,3.5,0.0383890487054856,0.02450294134283615,0,141432,141134
107,Neuss I,NW,lin,Linke,FALSE,0,1.4,1,1.9,0.0258653977902617,0.0148198998546277,0,160966,160562
108,Mönchengladbach,NW,lin,Linke,FALSE,0,3.4,2.7,4,0,0.0191853899770258,0,128405,127939
109,Krefeld I – Neuss II,NW,lin,Linke,FALSE,0,1.5,1.1,2,0.0280079893129969,0.01513642185337075,0,154594,154206
110,Viersen,NW,lin,Linke,FALSE,0,1.6,1.1,2,0.0320632265136,0.01497248952530045,0,173752,173345
111,Kleve,NW,lin,Linke,FALSE,0,1.4,0.9,1.8,0.0249904109993214,0.01392496774991605,0,169767,169465
112,Wesel I,NW,lin,Linke,FALSE,0,1.6,1.1,2.1,0.0288882606100587,0.01599716609089825,0,159497,159165
113,Krefeld II – Wesel II,NW,lin,Linke,FALSE,0,1.9,1.3,2.4,0.0314692292341464,0.01800315428431435,0,130616,130286
114,Duisburg I,NW,lin,Linke,FALSE,0,2.9,2.1,3.7,0.0468963165075034,0.02372570029083115,0,117594,117280
115,Duisburg II,NW,lin,Linke,FALSE,0,2.8,2.1,3.5,0.0505015029594356,0.02319741473354875,0,97166,96809
116,Oberhausen – Wesel III,NW,lin,Linke,FALSE,0,2.1,1.5,2.7,0.0341416586668893,0.0194874180646595,0,144016,143754
117,Mülheim – Essen I,NW,lin,Linke,FALSE,0,1.6,1.1,2.1,0.0265136983822518,0.01621340799053315,0,138589,138155
118,Essen II,NW,lin,Linke,FALSE,0,2.5,1.8,3.1,0.0415075145396265,0.0216695878707774,0,104409,104198
119,Essen III,NW,lin,Linke,FALSE,0,2.2,1.6,2.8,0.0331254486423835,0.0201133740620664,0,152063,151847
120,Recklinghausen I,NW,lin,Linke,FALSE,0,1.8,1.3,2.3,0.029912295986525,0.0175546849764364,0,120737,120519
121,Recklinghausen II,NW,lin,Linke,FALSE,0,1.5,1,1.9,0.0284585038203763,0.0149336687680089,0,136738,136374
122,Gelsenkirchen,NW,lin,Linke,FALSE,0,1.8,1.3,2.3,0.032038817471463,0.0173115632076489,0,111284,111084
123,Steinfurt I – Borken I,NW,lin,Linke,FALSE,0,1.4,0.9,1.8,0.0237544792509536,0.0143311591274957,0,155919,155718
124,Bottrop – Recklinghausen III,NW,lin,Linke,FALSE,0,1.5,1,1.9,0.0263782947419854,0.0151873353068289,0,147623,147356
125,Borken II,NW,lin,Linke,FALSE,0,1.2,0.8,1.5,0.0244128304091387,0.0121344775416057,0,161276,160899
126,Coesfeld – Steinfurt II,NW,lin,Linke,FALSE,0,1.3,0.9,1.7,0.026521450989709,0.01277609219512805,0,160182,159946
127,Steinfurt III,NW,lin,Linke,FALSE,0,1.6,1.1,2,0.029875018627343,0.0152816245178992,0,154532,154343
128,Münster,NW,lin,Linke,FALSE,0,2.9,2.1,3.6,0.0362426073376175,0.02493144237066145,0,195456,195295
129,Warendorf,NW,lin,Linke,FALSE,0,1.3,0.9,1.7,0.0247862987862379,0.01374360656534365,0,164622,164365
130,Gütersloh I,NW,lin,Linke,FALSE,0,1.4,0.9,1.8,0.0240509313841075,0.014502545585036,0,178348,178122
131,Bielefeld – Gütersloh II,NW,lin,Linke,FALSE,0,4.1,3,5,0.0538713396858548,0.03111917160341655,0,184163,183864
132,Herford – Minden-Lübbecke II,NW,lin,Linke,FALSE,0,1.9,1.3,2.4,0.0315843097300051,0.017857987885671,0,169056,168818
133,Minden-Lübbecke I,NW,lin,Linke,FALSE,0,1.6,1.1,2,0.0260038543784155,0.01602208851239015,0,151572,151516
134,Lippe I,NW,lin,Linke,FALSE,0,1.9,1.4,2.5,0.0309844286091317,0.01876854469160945,0,170871,170505
135,Höxter – Gütersloh III – Lippe II,NW,lin,Linke,FALSE,0,1.3,0.9,1.7,0.0251636199503498,0.01413350565039675,0,133088,132930
136,Paderborn,NW,lin,Linke,FALSE,0,1.7,1.2,2.1,0.0312830459688866,0.01654970561978055,0,176982,176837
137,Hagen – Ennepe-Ruhr-Kreis I,NW,lin,Linke,FALSE,0,1.8,1.2,2.2,0.0318099231306778,0.01691050003829845,0,143609,143100
138,Ennepe-Ruhr-Kreis II,NW,lin,Linke,FALSE,0,1.9,1.3,2.4,0.0274262849380602,0.0185298452468681,0,135700,135454
139,Bochum I,NW,lin,Linke,FALSE,0,3.6,2.7,4.5,0.0615583920245681,0.0267761804307628,0,153588,152067
140,Herne – Bochum II,NW,lin,Linke,FALSE,0,2.3,1.7,2.9,0.038408361451732403,0.02063755221969615,0,121841,121510
141,Dortmund I,NW,lin,Linke,FALSE,0,2.8,2.1,3.6,0.0381860958142661,0.02442630783733875,0,154874,154716
142,Dortmund II,NW,lin,Linke,FALSE,0,2.6,1.9,3.3,0.04084681916707,0.0222739687653197,0,142790,142557
143,Unna I,NW,lin,Linke,FALSE,0,1.9,1.3,2.4,0.0322360845183666,0.0175382479446834,0,146936,146761
144,Hamm – Unna II,NW,lin,Linke,FALSE,0,1.9,1.3,2.4,0.0376230155879606,0.01700432424684045,0,167428,167052
145,Soest,NW,lin,Linke,FALSE,0,1.6,1.1,2,0.0312653213035858,0.0155205281478274,0,177829,177449
146,Hochsauerlandkreis,NW,lin,Linke,FALSE,0,1.1,0.7,1.5,0.017276102356885,0.01282686148661685,0,155494,155417
147,Siegen-Wittgenstein,NW,lin,Linke,FALSE,0,1.8,1.3,2.3,0.0304677104448286,0.0177828296003677,0,160998,160826
148,Olpe – Märkischer Kreis I,NW,lin,Linke,FALSE,0,1.3,0.9,1.7,0.0256545663172169,0.01350287302093435,0,153671,153384
149,Märkischer Kreis II,NW,lin,Linke,FALSE,0,1.8,1.2,2.3,0.0327670925171978,0.01684337484573095,0,142608,142460
150,Nordsachsen,SN,lin,Linke,FALSE,0,4.7,3.7,5.7,0.0802787574894828,0.03765381251220735,0,117757,117665
151,Leipzig I,SN,lin,Linke,FALSE,0,10.1,8.4,11.7,0.153111775930463,0.0627452394257865,0,166419,166127
152,Leipzig II,SN,lin,Linke,FALSE,3,13.9,12,15.8,0.228118957533476,0.073599982206109,1,179837,179459
153,Leipzig-Land,SN,lin,Linke,FALSE,0,4.9,3.8,5.9,0.0790808844178456,0.0385236246237075,0,160447,160241
154,Meißen,SN,lin,Linke,FALSE,0,4.2,3.3,5.2,0.0701587796821693,0.0363327777551933,0,147594,147437
155,Bautzen I,SN,lin,Linke,FALSE,0,4.9,3.8,5.9,0.0899481337703249,0.03906090853534325,0,157088,157135
156,Görlitz,SN,lin,Linke,FALSE,0,4.4,3.4,5.4,0.0784694642063876,0.03750836131476295,0,150993,150823
157,Sächsische Schweiz-Osterzgebirge,SN,lin,Linke,FALSE,0,5.1,4,6.1,0.100073007583581,0.03829343954151715,0,152154,152039
158,Dresden I,SN,lin,Linke,FALSE,0,9.6,8.2,11,0.188656756320213,0.0526078586292465,0,179726,179543
159,Dresden II – Bautzen II,SN,lin,Linke,FALSE,0,8.2,6.7,9.6,0.118023008095441,0.0556182016435735,0,188005,187760
160,Mittelsachsen,SN,lin,Linke,FALSE,0,4.9,3.9,6,0.0834705753184014,0.04002616581730505,0,145992,145728
161,Chemnitz,SN,lin,Linke,FALSE,0,7.6,6.2,9,0.109302442420458,0.0537616690189785,0,139579,139329
162,Chemnitzer Umland – Erzgebirgskreis II,SN,lin,Linke,FALSE,0,5.2,4,6.2,0.0834567137353693,0.0410569045903134,0,135982,135759
163,Erzgebirgskreis I,SN,lin,Linke,FALSE,0,4.6,3.5,5.5,0.0801717922191918,0.0378300498011088,0,159635,159495
164,Zwickau,SN,lin,Linke,FALSE,0,7.6,6.3,8.8,0.155436099333737,0.04682024926827255,0,145546,145288
165,Vogtlandkreis,SN,lin,Linke,FALSE,0,5.8,4.6,7,0.0932221493764318,0.04428431869431405,0,136143,135751
166,Waldeck,HE,lin,Linke,FALSE,0,1.7,1.2,2.2,0.0309434517243915,0.01632204523569755,0,136043,135990
167,Kassel,HE,lin,Linke,FALSE,0,4.4,3.4,5.4,0.0582642157961593,0.0326993266139813,0,160829,160596
168,Werra-Meißner – Hersfeld-Rotenburg,HE,lin,Linke,FALSE,0,1.8,1.2,2.3,0.0301456912585245,0.0175313502704881,0,129026,129040
169,Schwalm-Eder,HE,lin,Linke,FALSE,0,1.6,1.1,2,0.0270082008416275,0.0158474107393063,0,139171,139254
170,Marburg,HE,lin,Linke,FALSE,0,3.5,2.6,4.4,0.0470309399049101,0.0288338834667674,0,140269,140078
171,Lahn-Dill,HE,lin,Linke,FALSE,0,1.7,1.2,2.2,0.0314873051077493,0.01684940554821665,0,151400,151045
172,Gießen,HE,lin,Linke,FALSE,0,2.8,2.1,3.6,0.0396745423251447,0.02513431265732425,0,159702,159775
173,Fulda,HE,lin,Linke,FALSE,0,1.3,0.9,1.7,0.0287508118640398,0.01375043288972445,0,161704,161665
174,Main-Kinzig – Wetterau II – Schotten,HE,lin,Linke,FALSE,0,1.6,1.1,2,0.0302333857240295,0.015951183749639,0,135037,134884
175,Hochtaunus,HE,lin,Linke,FALSE,0,1.5,1.1,2,0.0264783512101982,0.0155625797227401,0,142682,142456
176,Wetterau I,HE,lin,Linke,FALSE,0,1.8,1.3,2.3,0.028511959101698,0.0178679411614708,0,137257,136925
177,Rheingau-Taunus – Limburg,HE,lin,Linke,FALSE,0,1.6,1.1,2,0.0268443346276032,0.0158227848101266,0,170482,169980
178,Wiesbaden,HE,lin,Linke,FALSE,0,3.4,2.5,4.2,0.049417935174248,0.0264262304806252,0,134866,134607
179,Hanau,HE,lin,Linke,FALSE,0,2,1.5,2.6,0.0344886223101657,0.01908184987505015,0,129652,129376
180,Main-Taunus,HE,lin,Linke,FALSE,0,1.5,1.1,2,0.0273958547096245,0.01506261157786295,0,156281,155936
181,Frankfurt am Main I,HE,lin,Linke,FALSE,0,5.8,4.6,7,0.0875382396186839,0.03611499481785995,0,143763,143503
182,Frankfurt am Main II,HE,lin,Linke,FALSE,0,4.9,3.7,5.9,0.0613499411262208,0.03426700681251475,0,173651,173252
183,Groß-Gerau,HE,lin,Linke,FALSE,0,2.4,1.7,3.1,0.0396352955959038,0.0211390142964635,0,127584,127336
184,Offenbach,HE,lin,Linke,FALSE,0,3.1,2.3,3.8,0.0481437956345002,0.02498812686921585,0,155814,155721
185,Darmstadt,HE,lin,Linke,FALSE,0,3.7,2.8,4.6,0.0500498782541538,0.02877643989135315,0,187028,186454
186,Odenwald,HE,lin,Linke,FALSE,0,1.9,1.3,2.4,0.0338838301001075,0.01787710443413165,0,177126,176810
187,Bergstraße,HE,lin,Linke,FALSE,0,1.5,1,2,0.0274314049586777,0.01528297775400645,0,151443,151250
188,Eichsfeld – Nordhausen – Kyffhäuserkreis,TH,lin,Linke,FALSE,0,6.8,5.5,8.1,0.107606298404883,0.049169148016521,0,156165,155976
189,Eisenach – Wartburgkreis – Unstrut-Hainich-Kreis,TH,lin,Linke,FALSE,0,7.2,5.8,8.5,0.113059884933764,0.052015470962092,0,150734,150522
190,Jena – Sömmerda – Weimarer Land I,TH,lin,Linke,FALSE,0,10.2,8.5,11.7,0.169069497080479,0.0639193839095525,0,152575,152251
191,Gotha – Ilm-Kreis,TH,lin,Linke,FALSE,0,7.5,6,8.8,0.110816309110567,0.05493857004721,0,140648,140584
192,Erfurt – Weimar – Weimarer Land II,TH,lin,Linke,FALSE,0,11.1,9.2,12.8,0.163802213018183,0.069864483205857,0,164998,164662
193,Gera – Greiz – Altenburger Land,TH,lin,Linke,FALSE,0,7.6,6.2,9,0.117255328141037,0.05620833157676,0,166043,165630
194,Saalfeld-Rudolstadt – Saale-Holzland-Kreis – Saale-Orla-Kreis,TH,lin,Linke,FALSE,0,7.6,6.2,9,0.121390445852128,0.0561555797185085,0,164623,164494
195,Suhl – Schmalkalden-Meiningen – Hildburghausen – Sonneberg,TH,lin,Linke,FALSE,0,6.7,5.3,8.1,0.0836578638983914,0.054651884700665,0,169125,168962
196,Neuwied,RP,lin,Linke,FALSE,0,1.5,1,1.9,0.0278397365654498,0.0150227684935078,0,180293,179779
197,Ahrweiler,RP,lin,Linke,FALSE,0,1.3,0.9,1.6,0.0241260529995566,0.01309089178513395,0,147087,146605
198,Koblenz,RP,lin,Linke,FALSE,0,1.7,1.2,2.1,0.0278985906188064,0.016462992536137,0,145903,145312
199,Mosel/Rhein-Hunsrück,RP,lin,Linke,FALSE,0,2.7,2.2,3.3,0,0.01397622728159565,0,133262,132369
200,Kreuznach,RP,lin,Linke,FALSE,0,1.7,1.2,2.2,0.0315500988236677,0.01629615536595005,0,136658,136101
201,Bitburg,RP,lin,Linke,FALSE,0,1.3,0.9,1.7,0.023450818535527,0.01326653339184425,0,123054,122597
202,Trier,RP,lin,Linke,FALSE,0,2.2,1.6,2.8,0.0352464708834996,0.0196112091518976,0,145631,145433
203,Montabaur,RP,lin,Linke,FALSE,0,1.4,1,1.9,0.0276740352978215,0.01441205573071275,0,162711,161993
204,Mainz,RP,lin,Linke,FALSE,0,5,4.1,5.8,0.124314378428108,0.023394340447518,0,201288,200001
205,Worms,RP,lin,Linke,FALSE,0,1.6,1.1,2,0.0308873252307411,0.0153741612163425,0,164822,164145
206,Ludwigshafen/Frankenthal,RP,lin,Linke,FALSE,0,1.5,1.1,2,0.0304210381637422,0.01517375928173405,0,153258,152789
207,Neustadt – Speyer,RP,lin,Linke,FALSE,0,1.4,0.9,1.8,0.0264200407806583,0.0141595385383178,0,172322,171650
208,Kaiserslautern,RP,lin,Linke,FALSE,0,2.1,1.5,2.7,0.0404863396823684,0.01905782735393875,0,167464,166797
209,Pirmasens,RP,lin,Linke,FALSE,0,1.5,1.1,2,0.0281912528934742,0.0160912769749776,0,130723,130466
210,Südpfalz,RP,lin,Linke,FALSE,0,1.7,1.2,2.2,0.0307842859837766,0.01649614559513425,0,169676,169632
211,Altötting,BY,lin,Linke,FALSE,0,1,0.7,1.3,0.0245408794268868,0.0107525629077353,0,128760,128561
212,Erding – Ebersberg,BY,lin,Linke,FALSE,0,1,0.7,1.3,0.0200651894381149,0.01088286009200315,0,167603,167205
213,Freising,BY,lin,Linke,FALSE,0,1,0.7,1.3,0.0202215132415117,0.01153692800811935,0,193119,192765
214,Fürstenfeldbruck,BY,lin,Linke,FALSE,0,1,0.6,1.3,0.0168121700036594,0.01092508808873505,0,191852,191290
215,Ingolstadt,BY,lin,Linke,FALSE,0,1.1,0.8,1.4,0.0249586528341603,0.0119278006207817,0,186539,186228
216,München-Nord,BY,lin,Linke,FALSE,0,2.3,1.6,2.9,0.0355869033783513,0.02013699100067465,0,174902,174671
217,München-Ost,BY,lin,Linke,FALSE,0,1.8,1.3,2.4,0.0254180220873133,0.0183162502393013,0,193271,193052
218,München-Süd,BY,lin,Linke,FALSE,0,2.5,1.8,3.2,0.0362286424716346,0.02224562136322235,0,172371,172129
219,München-West/Mitte,BY,lin,Linke,FALSE,0,2.3,1.7,3,0.0353492096474201,0.0207944339025933,0,197625,197317
220,München-Land,BY,lin,Linke,FALSE,0,1,0.7,1.4,0.0185837048393279,0.0112003423795378,0,198610,198292
221,Rosenheim,BY,lin,Linke,FALSE,0,1.1,0.7,1.4,0.0215243286471925,0.01208799282119635,0,190561,190064
222,Bad Tölz-Wolfratshausen – Miesbach,BY,lin,Linke,FALSE,0,0.9,0.6,1.2,0.0196738151420639,0.0107420432045864,0,135356,134341
223,Starnberg – Landsberg am Lech,BY,lin,Linke,FALSE,0,1.1,0.8,1.5,0.020581692803915,0.01233191319398215,0,180264,179820
224,Traunstein,BY,lin,Linke,FALSE,0,1.1,0.7,1.4,0.0217535702424444,0.01209071563053865,0,163059,162594
225,Weilheim,BY,lin,Linke,FALSE,0,1,0.7,1.3,0.0198982393206193,0.01138815981335665,0,137160,136595
226,Deggendorf,BY,lin,Linke,FALSE,0,0.7,0.5,1,0.0149800003162005,0.0090845203878589,0,126644,126502
227,Landshut,BY,lin,Linke,FALSE,0,1,0.6,1.3,0.0203918535705079,0.0107462288079028,0,194766,193950
228,Passau,BY,lin,Linke,FALSE,0,1,0.6,1.3,0.0197888987304399,0.0113669773321965,0,136052,135480
229,Rottal-Inn,BY,lin,Linke,FALSE,0,0.8,0.5,1,0.0144359630644711,0.0093323626975669,0,133246,132447
230,Straubing,BY,lin,Linke,FALSE,0,0.7,0.5,1,0.0146580051181877,0.0093313067610384,0,132243,132078
231,Amberg,BY,lin,Linke,FALSE,0,1.1,0.7,1.4,0.0241748402588417,0.0118793441557688,0,172358,171997
232,Regensburg,BY,lin,Linke,FALSE,0,1.7,1.2,2.1,0.0304635024682366,0.0171515075059922,0,198175,197712
233,Schwandorf,BY,lin,Linke,FALSE,0,0.8,0.5,1.1,0.0175131650887744,0.0097447529357719,0,174145,173755
234,Weiden,BY,lin,Linke,FALSE,0,0.9,0.6,1.2,0.0176147431214999,0.01077225250464385,0,131356,131424
235,Bamberg,BY,lin,Linke,FALSE,0,1.4,1,1.8,0.0245272167529348,0.0157900424129454,0,148068,147795
236,Bayreuth,BY,lin,Linke,FALSE,0,1.1,0.7,1.5,0.0200810410660017,0.0128141289971213,0,128530,128330
237,Coburg,BY,lin,Linke,FALSE,0,1.1,0.7,1.4,0.0190088089602499,0.0126583306268269,0,123160,122943
238,Hof,BY,lin,Linke,FALSE,0,1,0.7,1.4,0.0213008718010526,0.01205854253807435,0,124559,124455
239,Kulmbach,BY,lin,Linke,FALSE,0,0.9,0.6,1.2,0.0179476088183758,0.01092251679401055,0,136507,136397
240,Ansbach,BY,lin,Linke,FALSE,0,1.1,0.7,1.4,0.0198854414274794,0.01280511368977365,0,191486,190994
241,Erlangen,BY,lin,Linke,FALSE,0,3.3,2.6,3.9,0,0.01879993277658555,0,154708,154431
242,Fürth,BY,lin,Linke,FALSE,0,1.8,1.2,2.2,0.0316588719650282,0.01763454400511825,0,196943,196501
243,Nürnberg-Nord,BY,lin,Linke,FALSE,0,3.8,2.9,4.7,0.0535761341414366,0.0298541035117589,0,144486,144206
244,Nürnberg-Süd,BY,lin,Linke,FALSE,0,2,1.5,2.6,0.0403666009982636,0.019007404069519,0,128713,128423
245,Roth,BY,lin,Linke,FALSE,0,1.2,0.9,1.6,0.0269594174726343,0.01311397234144015,0,188730,188283
246,Aschaffenburg,BY,lin,Linke,FALSE,0,1.3,0.9,1.7,0.0242960601354973,0.0139582761460335,0,145720,145538
247,Bad Kissingen,BY,lin,Linke,FALSE,0,1.2,0.9,1.6,0.0259360148371392,0.0139221859565004,0,173105,172540
248,Main-Spessart,BY,lin,Linke,FALSE,0,1.1,0.8,1.4,0.025959115986861,0.0117306627108177,0,157067,156785
249,Schweinfurt,BY,lin,Linke,FALSE,0,1.7,1.2,2.2,0.0420531055242839,0.0157593123209169,0,156352,155803
250,Würzburg,BY,lin,Linke,FALSE,0,2.1,1.5,2.6,0.0409909320777749,0.01902253359465515,0,184702,183504
251,Augsburg-Stadt,BY,lin,Linke,FALSE,0,2.9,2.1,3.6,0.0491348721512968,0.0238706046586416,0,136821,136685
252,Augsburg-Land,BY,lin,Linke,FALSE,0,0.9,0.6,1.2,0.0187496017501752,0.01070331532676625,0,188820,188324
253,Donau-Ries,BY,lin,Linke,FALSE,0,0.8,0.5,1.1,0.0195169712793734,0.0091352168473728,0,153472,153200
254,Neu-Ulm,BY,lin,Linke,FALSE,0,1,0.7,1.4,0.0191837377112693,0.01220816415313225,0,165504,165192
255,Memmingen – Unterallgäu,BY,lin,Linke,FALSE,0,1,0.7,1.3,0.0219888336079605,0.0111135036845631,0,125388,125018
256,Oberallgäu,BY,lin,Linke,FALSE,0,1.3,0.9,1.7,0.0272624321353629,0.0139509021196076,0,180741,180138
257,Ostallgäu,BY,lin,Linke,FALSE,0,1.4,1,1.7,0.0374287464078768,0.012506460757749,0,127694,127362
258,Stuttgart I,BW,lin,Linke,FALSE,0,3.2,2.3,4,0.0411470366730065,0.02590889962891645,0,156838,156682
259,Stuttgart II,BW,lin,Linke,FALSE,0,3.2,2.3,3.9,0.047514796473004,0.02539262675589315,0,132696,132464
260,Böblingen,BW,lin,Linke,FALSE,0,1.3,0.9,1.7,0.0234682188303043,0.01324221849016555,0,194114,193794
261,Esslingen,BW,lin,Linke,FALSE,0,1.5,1.1,2,0.0265379331399786,0.0154933229612343,0,131121,131020
262,Nürtingen,BW,lin,Linke,FALSE,0,1.3,0.9,1.7,0.0241374069007448,0.01323752810354255,0,164570,164475
263,Göppingen,BW,lin,Linke,FALSE,0,1.1,0.8,1.5,0.0220734737737581,0.01241602999486695,0,134423,134007
264,Waiblingen,BW,lin,Linke,FALSE,0,1.4,1,1.8,0.0255953029408223,0.0143090947587683,0,174749,174407
265,Ludwigsburg,BW,lin,Linke,FALSE,0,1.6,1.1,2,0.0286496660666225,0.01543824118191075,0,170842,170543
266,Neckar-Zaber,BW,lin,Linke,FALSE,0,1.2,0.9,1.6,0.0235448606059951,0.01307998446903515,0,185436,185051
267,Heilbronn,BW,lin,Linke,FALSE,0,1.3,0.9,1.7,0.0234164727728928,0.0141862969815802,0,181055,180941
268,Schwäbisch Hall – Hohenlohe,BW,lin,Linke,FALSE,0,1.3,0.9,1.7,0.0239005177471571,0.0145418443029843,0,171230,171126
269,Backnang – Schwäbisch Gmünd,BW,lin,Linke,FALSE,0,1.4,1,1.8,0.0291034881223102,0.01449890713610585,0,135424,135001
270,Aalen – Heidenheim,BW,lin,Linke,FALSE,0,1.3,0.9,1.6,0.0233926185954844,0.0135669227779605,0,167245,166933
271,Karlsruhe-Stadt,BW,lin,Linke,FALSE,0,3.6,2.7,4.5,0.0502777409141752,0.02811293131736375,0,158468,158241
272,Karlsruhe-Land,BW,lin,Linke,FALSE,0,1.3,0.9,1.7,0.024299436421487,0.01345171724688385,0,166633,166259
273,Rastatt,BW,lin,Linke,FALSE,0,1.3,0.9,1.7,0.0274227676682184,0.0139141742522757,0,153800,153595
274,Heidelberg,BW,lin,Linke,FALSE,0,2.9,2.1,3.6,0.0395556989758658,0.024388588493473,0,176804,176637
275,Mannheim,BW,lin,Linke,FALSE,0,3.1,2.3,3.9,0.0483797644585245,0.02506260330431945,0,140967,140782
276,Odenwald – Tauber,BW,lin,Linke,FALSE,0,1.2,0.8,1.5,0.0232259191772958,0.0127232170673047,0,160494,160252
277,Rhein-Neckar,BW,lin,Linke,FALSE,0,1.4,0.9,1.8,0.0262693692334931,0.0141470507328958,0,152682,152497
278,Bruchsal – Schwetzingen,BW,lin,Linke,FALSE,0,1.3,0.9,1.7,0.0256586086829158,0.013679232769141,0,150776,150203
279,Pforzheim,BW,lin,Linke,FALSE,0,1.2,0.8,1.6,0.0232064525258243,0.013350387720841,0,162617,162541
280,Calw,BW,lin,Linke,FALSE,0,1.1,0.7,1.4,0.0197870809765499,0.0120590020318231,0,151588,151513
281,Freiburg,BW,lin,Linke,FALSE,0,4.6,3.5,5.6,0.0534241165050704,0.03454937650453375,0,179873,179769
282,Lörrach – Müllheim,BW,lin,Linke,FALSE,0,1.6,1.1,2.1,0.0265747574618205,0.0160283712601916,0,172569,172344
283,Emmendingen – Lahr,BW,lin,Linke,FALSE,0,1.6,1.1,2,0.0295280669646875,0.015635881180510552,0,166572,166655
284,Offenburg,BW,lin,Linke,FALSE,0,1.4,1,1.8,0.0274180969752438,0.0142493556701031,0,155200,155153
285,Rottweil – Tuttlingen,BW,lin,Linke,FALSE,0,1,0.7,1.3,0.021489738768111,0.0112304059859417,0,147813,147838
286,Schwarzwald-Baar,BW,lin,Linke,FALSE,0,1.2,0.8,1.5,0.0226928522042604,0.0125985418278172,0,121522,121492
287,Konstanz,BW,lin,Linke,FALSE,0,2,1.4,2.6,0.0357741576340811,0.0185549872122762,0,156400,156286
288,Waldshut,BW,lin,Linke,FALSE,0,1.4,1,1.8,0.0267354700949754,0.0144235754173394,0,135022,134877
289,Reutlingen,BW,lin,Linke,FALSE,0,1.9,1.3,2.4,0.0404585609632928,0.016650827461904,0,152575,152477
290,Tübingen,BW,lin,Linke,FALSE,0,3.1,2.3,3.9,0.0471471170471346,0.02575713007178575,0,159781,159628
291,Ulm,BW,lin,Linke,FALSE,0,1.5,1,1.9,0.0261593881748656,0.0152612607498652,0,176165,175998
292,Biberach,BW,lin,Linke,FALSE,0,0.9,0.6,1.3,0.0156161336450507,0.0112190879528095,0,132230,132171
293,Bodensee,BW,lin,Linke,FALSE,0,1.4,1,1.8,0.027092245256115,0.0142676546241085,0,136848,136755
294,Ravensburg,BW,lin,Linke,FALSE,0,1.6,1.1,2.1,0.0299095518706318,0.0162181972626012,0,145978,145940
295,Zollernalb – Sigmaringen,BW,lin,Linke,FALSE,0,1.2,0.8,1.5,0.0208803777236869,0.01296323421707925,0,136540,136396
296,Saarbrücken,SL,lin,Linke,FALSE,0,6.6,5.1,8,0.0620450433766863,0.04799464669618575,0,140474,140398
297,Saarlouis,SL,lin,Linke,FALSE,0,4.3,3.2,5.3,0.0538357577038617,0.03363215787149905,0,156279,156123
298,St. Wendel,SL,lin,Linke,FALSE,0,3.4,2.5,4.2,0.042217842020733,0.0287779496759881,0,137032,136980
299,Homburg,SL,lin,Linke,FALSE,0,4.2,3.1,5.1,0.0523737214566083,0.0330526225488444,0,139883,139612
1,Flensburg – Schleswig,SH,bsw,BSW,FALSE,0,3,1.4,4.5,0,0.02092372288313505,0,178625,178575
2,Nordfriesland – Dithmarschen Nord,SH,bsw,BSW,FALSE,0,2,0.9,2.9,0,0.0153907523674078,0,144145,144050
3,Steinburg – Dithmarschen Süd,SH,bsw,BSW,FALSE,0,2.2,1,3.2,0,0.0167420379101318,0,135109,134980
4,Rendsburg-Eckernförde,SH,bsw,BSW,FALSE,0,2.1,1,3.1,0,0.01603864434158615,0,160955,160650
5,Kiel,SH,bsw,BSW,FALSE,0,5,2.4,7.4,0,0.03040601542549075,0,155068,154816
6,Plön – Neumünster,SH,bsw,BSW,FALSE,0,2,1,3,0,0.01596655775804175,0,132527,131962
7,Pinneberg,SH,bsw,BSW,FALSE,0,2.2,1,3.3,0,0.01672097545593105,0,190270,190069
8,Segeberg – Stormarn-Mitte,SH,bsw,BSW,FALSE,0,2.1,1,3.2,0,0.01631150228229895,0,198265,197918
9,Ostholstein – Stormarn-Nord,SH,bsw,BSW,FALSE,0,1.8,0.9,2.6,0,0.0142146711184368,0,141966,141791
10,Herzogtum Lauenburg – Stormarn-Süd,SH,bsw,BSW,FALSE,0,2.1,1,3.2,0,0.016169275054068,0,195587,195327
11,Lübeck,SH,bsw,BSW,FALSE,0,3.2,1.5,4.9,0,0.0222095103542004,0,130237,129875
12,Schwerin – Ludwigslust-Parchim I – Nordwestmecklenburg I,MV,bsw,BSW,FALSE,1,8.9,4.9,12.7,0,0.053852091617314,0,154163,153608
13,Ludwigslust-Parchim II – Nordwestmecklenburg II – Landkreis Rostock I,MV,bsw,BSW,FALSE,0,8.5,4.7,12.1,0,0.051972880697274,0,144104,144046
14,Rostock – Landkreis Rostock II,MV,bsw,BSW,FALSE,5,11.4,6.7,15.9,0,0.065932616258736,0,162977,163010
15,Vorpommern-Rügen – Vorpommern-Greifswald I,MV,bsw,BSW,FALSE,0,9,5.1,12.8,0,0.056873910447041,0,165779,166153
16,Mecklenburgische Seenplatte I – Vorpommern-Greifswald II,MV,bsw,BSW,FALSE,0,7.7,4.2,11,0,0.0508812351858475,0,151038,150668
17,Mecklenburgische Seenplatte II – Landkreis Rostock III,MV,bsw,BSW,FALSE,0,8,4.4,11.4,0,0.0512578303669085,0,140798,140601
18,Hamburg-Mitte,HH,bsw,BSW,FALSE,0,7.9,4.2,11.5,0,0.04366441712637565,0,178555,178198
19,Hamburg-Altona,HH,bsw,BSW,FALSE,0,8.1,4.4,11.8,0,0.04492915611953055,0,152095,151883
20,Hamburg-Eimsbüttel,HH,bsw,BSW,FALSE,0,5.8,2.9,8.6,0,0.0338197237551835,0,160365,160039
21,Hamburg-Nord,HH,bsw,BSW,FALSE,0,3.7,1.7,5.5,0,0.02366384934837105,0,184691,184223
22,Hamburg-Wandsbek,HH,bsw,BSW,FALSE,0,4,1.9,6,0,0.0256103135614306,0,172821,172336
23,Hamburg-Bergedorf – Harburg,HH,bsw,BSW,FALSE,0,5.1,2.5,7.6,0,0.03145519274982965,0,157017,156645
24,Aurich – Emden,NI,bsw,BSW,FALSE,0,2.2,1.1,3.4,0,0.0171483325256619,0,136194,135561
25,Unterems,NI,bsw,BSW,FALSE,0,1.6,0.8,2.3,0,0.01334090752599325,0,174276,173747
26,Friesland – Wilhelmshaven – Wittmund,NI,bsw,BSW,FALSE,0,2,1,3,0,0.0155044008124577,0,132930,132976
27,Oldenburg – Ammerland,NI,bsw,BSW,FALSE,0,3.7,1.8,5.6,0,0.0241784989858012,0,172550,172328
28,Delmenhorst – Wesermarsch – Oldenburg-Land,NI,bsw,BSW,FALSE,0,2,0.9,3,0,0.0155588993450832,0,162158,161972
29,Cuxhaven – Stade II,NI,bsw,BSW,FALSE,0,1.6,0.8,2.3,0,0.0131409430559134,0,139716,139672
30,Stade I – Rotenburg II,NI,bsw,BSW,FALSE,0,1.7,0.8,2.6,0,0.0142524820062829,0,150886,150633
31,Mittelems,NI,bsw,BSW,FALSE,0,1.3,0.6,1.9,0,0.01105946867737785,0,179439,179213
32,Cloppenburg – Vechta,NI,bsw,BSW,FALSE,0,1.2,0.6,1.7,0,0.0108630442235173,0,163352,163186
33,Diepholz – Nienburg I,NI,bsw,BSW,FALSE,0,1.6,0.8,2.4,0,0.0134272326199545,0,145972,145494
34,Osterholz – Verden,NI,bsw,BSW,FALSE,0,2.2,1,3.4,0,0.01748447266990195,0,150219,149381
35,Rotenburg I – Heidekreis,NI,bsw,BSW,FALSE,0,1.7,0.8,2.6,0,0.01423464622717465,0,124204,124166
36,Harburg,NI,bsw,BSW,FALSE,0,1.8,0.9,2.7,0,0.0145637107912058,0,160742,160513
37,Lüchow-Dannenberg – Lüneburg,NI,bsw,BSW,FALSE,0,3.3,1.6,5.1,0,0.0229099387427049,0,138106,137637
38,Osnabrück-Land,NI,bsw,BSW,FALSE,0,1.5,0.7,2.2,0,0.01286073189860295,0,150458,150586
39,Stadt Osnabrück,NI,bsw,BSW,FALSE,0,3,1.4,4.5,0,0.02095481785738335,0,148510,148206
40,Nienburg II – Schaumburg,NI,bsw,BSW,FALSE,0,1.6,0.8,2.4,0,0.0135480139923268,0,141792,141647
41,Stadt Hannover I,NI,bsw,BSW,FALSE,0,3.3,1.6,5.1,0,0.02260436098004485,0,127586,127677
42,Stadt Hannover II,NI,bsw,BSW,FALSE,0,5.1,2.5,7.6,0,0.030996840996841,0,142450,142528
43,Hannover-Land I,NI,bsw,BSW,FALSE,0,1.6,0.8,2.3,0,0.01303980266586375,0,172702,173117
44,Celle – Uelzen,NI,bsw,BSW,FALSE,0,1.8,0.9,2.7,0,0.0149206146783141,0,156830,156634
45,Gifhorn – Peine,NI,bsw,BSW,FALSE,0,1.5,0.7,2.2,0,0.01257962749499485,0,164830,165024
46,Hameln-Pyrmont – Holzminden,NI,bsw,BSW,FALSE,0,1.7,0.8,2.6,0,0.01418595992675275,0,131609,131548
47,Hannover-Land II,NI,bsw,BSW,FALSE,0,1.7,0.8,2.5,0,0.01394255466464165,0,179092,179548
48,Hildesheim,NI,bsw,BSW,FALSE,0,2.1,1,3.2,0,0.01661054713414865,0,159778,160009
49,Salzgitter – Wolfenbüttel,NI,bsw,BSW,FALSE,0,1.9,0.9,2.8,0,0.01536487284006535,0,145722,145424
50,Braunschweig,NI,bsw,BSW,FALSE,0,3.4,1.6,5.1,0,0.02281146352319555,0,139294,139553
51,Helmstedt – Wolfsburg,NI,bsw,BSW,FALSE,0,1.6,0.8,2.4,0,0.0135289929104362,0,129204,129048
52,Goslar – Northeim – Göttingen II,NI,bsw,BSW,FALSE,0,1.9,0.9,2.8,0,0.0149351790043214,0,142315,142067
53,Göttingen I,NI,bsw,BSW,FALSE,0,3.7,1.8,5.6,0,0.02536414958984435,0,160305,159477
54,Bremen I,HB,bsw,BSW,FALSE,0,7.4,3.9,10.8,0,0.04248341314100315,0,185237,184971
55,Bremen II – Bremerhaven,HB,bsw,BSW,FALSE,0,5.5,2.7,8.2,0,0.0336582564792056,0,142803,142086
56,Prignitz – Ostprignitz-Ruppin – Havelland I,BB,bsw,BSW,FALSE,0,6.2,3.2,9.1,0,0.04030312045484595,0,121008,120837
57,Uckermark – Barnim I,BB,bsw,BSW,FALSE,0,7.1,3.7,10.2,0,0.0449414295219968,0,129246,129150
58,Oberhavel – Havelland II,BB,bsw,BSW,FALSE,0,5,2.4,7.4,0,0.0327959272456082,0,193088,192738
59,Märkisch-Oderland – Barnim II,BB,bsw,BSW,FALSE,0,8.4,4.6,11.9,0,0.0515879838164335,0,174498,174209
60,Brandenburg an der Havel – Potsdam-Mittelmark I – Havelland III – Teltow-Fläming I,BB,bsw,BSW,FALSE,0,6.6,3.4,9.7,0,0.0412799923065827,0,145579,145379
61,Potsdam – Potsdam-Mittelmark II – Teltow-Fläming II,BB,bsw,BSW,FALSE,1,8.9,4.9,12.7,0,0.050586335601027,0,188885,188845
62,Dahme-Spreewald – Teltow-Fläming III,BB,bsw,BSW,FALSE,0,6.1,3.1,8.9,0,0.03897990963723295,0,182376,182165
63,Frankfurt (Oder) – Oder-Spree,BB,bsw,BSW,FALSE,0,7.6,4.1,10.9,0,0.04778433743509495,0,140590,140441
64,Cottbus – Spree-Neiße,BB,bsw,BSW,FALSE,0,5.6,2.8,8.3,0,0.03820473311998735,0,126555,126363
65,Elbe-Elster – Oberspreewald-Lausitz,BB,bsw,BSW,FALSE,0,5.2,2.6,7.7,0,0.0362585864275767,0,127818,127631
66,Altmark – Jerichower Land,ST,bsw,BSW,FALSE,0,7.3,3.9,10.4,0,0.04682766079910945,0,158101,157863
67,Börde – Salzlandkreis,ST,bsw,BSW,FALSE,0,6.9,3.7,10.1,0,0.0459311387144004,0,148211,147970
68,Harz,ST,bsw,BSW,FALSE,0,7.2,3.9,10.5,0,0.0463334549434513,0,137050,136844
69,Magdeburg,ST,bsw,BSW,FALSE,1,8.8,4.9,12.5,0,0.052930160119446,0,155384,155292
70,Anhalt – Dessau – Wittenberg,ST,bsw,BSW,FALSE,0,6.6,3.5,9.6,0,0.0437266716773462,0,156998,156766
71,Halle,ST,bsw,BSW,FALSE,1,9.3,5.2,13.2,0,0.05661996616744,0,161383,161209
72,Burgenland – Saalekreis,ST,bsw,BSW,FALSE,0,6.2,3.2,9.1,0,0.0428269011561635,0,141243,140914
73,Mansfeld,ST,bsw,BSW,FALSE,0,7.1,3.8,10.2,0,0.04755868217594205,0,143570,143320
74,Berlin-Mitte,BE,bsw,BSW,FALSE,2,12.8,7.6,17.8,0,0.0706417193207445,0,138799,138594
75,Berlin-Pankow,BE,bsw,BSW,FALSE,4,11.4,6.7,15.9,0,0.071299370263953,0,134342,134134
76,Berlin-Reinickendorf,BE,bsw,BSW,FALSE,0,3.1,1.4,4.6,0,0.0226302343861655,0,111952,111709
77,Berlin-Spandau – Charlottenburg Nord,BE,bsw,BSW,FALSE,0,3.7,1.7,5.5,0,0.02531782751865285,0,119955,119815
78,Berlin-Steglitz-Zehlendorf,BE,bsw,BSW,FALSE,0,3.5,1.6,5.3,0,0.0238117702559264,0,169580,169542
79,Berlin-Charlottenburg-Wilmersdorf,BE,bsw,BSW,FALSE,0,5.3,2.6,7.8,0,0.0327695961274365,0,131799,131816
80,Berlin-Tempelhof-Schöneberg,BE,bsw,BSW,FALSE,0,6.3,3.2,9.2,0,0.03751668261110915,0,169338,169456
81,Berlin-Neukölln,BE,bsw,BSW,FALSE,4,10.4,5.9,14.7,0,0.059365591070831,0,131524,131078
82,Berlin-Friedrichshain-Kreuzberg – Prenzlauer Berg Ost,BE,bsw,BSW,FALSE,4,16.5,10.3,22.5,0,0.093016578864785,0,149769,149632
83,Berlin-Treptow-Köpenick,BE,bsw,BSW,FALSE,16,14,8.7,19.2,0,0.079966335436827,1,153871,154175
84,Berlin-Marzahn-Hellersdorf,BE,bsw,BSW,FALSE,4,12.9,7.7,17.8,0,0.079308974466752,0,130849,131061
85,Berlin-Lichtenberg,BE,bsw,BSW,FALSE,25,15.8,10,21.5,0,0.0915228063215905,1,141167,141107
86,Aachen I,NW,bsw,BSW,FALSE,0,4.1,2,6.3,0,0.0267529595887805,0,139293,138913
87,Aachen II,NW,bsw,BSW,FALSE,0,1.9,0.9,2.9,0,0.0155511659678154,0,169087,168787
88,Heinsberg,NW,bsw,BSW,FALSE,0,1.9,0.9,2.9,0,0.0157288620624987,0,143971,143719
89,Düren,NW,bsw,BSW,FALSE,0,1.8,0.9,2.7,0,0.01502014737492525,0,152129,151938
90,Rhein-Erft-Kreis I,NW,bsw,BSW,FALSE,0,1.8,0.9,2.7,0,0.0146896861960383,0,193401,192953
91,Euskirchen – Rhein-Erft-Kreis II,NW,bsw,BSW,FALSE,0,1.8,0.9,2.7,0,0.0149785125003921,0,191274,190783
92,Köln I,NW,bsw,BSW,FALSE,0,4.7,2.3,7.1,0,0.029508138206739,0,140080,139804
93,Köln II,NW,bsw,BSW,FALSE,0,4,1.9,6,0,0.0254462079057225,0,204333,203983
94,Köln III,NW,bsw,BSW,FALSE,0,5.3,2.6,7.8,0,0.0320688851180684,0,154402,154135
95,Bonn,NW,bsw,BSW,FALSE,0,4.2,2,6.3,0,0.02717898115417145,0,184444,184110
96,Rhein-Sieg-Kreis I,NW,bsw,BSW,FALSE,0,2.2,1,3.3,0,0.01700263349462595,0,186824,186466
97,Rhein-Sieg-Kreis II,NW,bsw,BSW,FALSE,0,2.1,1,3.1,0,0.0162095758204548,0,175421,175320
98,Oberbergischer Kreis,NW,bsw,BSW,FALSE,0,2,1,3,0,0.01623769489645435,0,158674,158507
99,Rheinisch-Bergischer Kreis,NW,bsw,BSW,FALSE,0,1.9,0.9,2.8,0,0.0148439987265202,0,175896,175584
100,Leverkusen – Köln IV,NW,bsw,BSW,FALSE,0,3.5,1.7,5.3,0,0.02391503267973855,0,153000,152760
101,Wuppertal I,NW,bsw,BSW,FALSE,0,4.3,2.1,6.4,0,0.0276996403001396,0,145399,144958
102,Solingen – Remscheid – Wuppertal II,NW,bsw,BSW,FALSE,0,2.5,1.2,3.8,0,0.01872788469836885,0,162218,161969
103,Mettmann I,NW,bsw,BSW,FALSE,0,2,1,3,0,0.0156530308007176,0,158308,157896
104,Mettmann II,NW,bsw,BSW,FALSE,0,2,1,3,0,0.0158146990853758,0,122892,122597
105,Düsseldorf I,NW,bsw,BSW,FALSE,0,2.7,1.3,4.1,0,0.01933701657458565,0,174303,173948
106,Düsseldorf II,NW,bsw,BSW,FALSE,0,3.7,1.7,5.5,0,0.02450294134283615,0,141432,141134
107,Neuss I,NW,bsw,BSW,FALSE,0,1.8,0.9,2.7,0,0.0148198998546277,0,160966,160562
108,Mönchengladbach,NW,bsw,BSW,FALSE,0,4.7,3.1,6.3,0,0.0191853899770258,0,128405,127939
109,Krefeld I – Neuss II,NW,bsw,BSW,FALSE,0,1.9,0.9,2.8,0,0.01513642185337075,0,154594,154206
110,Viersen,NW,bsw,BSW,FALSE,0,1.9,0.9,2.8,0,0.01497248952530045,0,173752,173345
111,Kleve,NW,bsw,BSW,FALSE,0,1.7,0.8,2.5,0,0.01392496774991605,0,169767,169465
112,Wesel I,NW,bsw,BSW,FALSE,0,2,1,3.1,0,0.01599716609089825,0,159497,159165
113,Krefeld II – Wesel II,NW,bsw,BSW,FALSE,0,2.4,1.1,3.6,0,0.01800315428431435,0,130616,130286
114,Duisburg I,NW,bsw,BSW,FALSE,0,3.5,1.6,5.2,0,0.02372570029083115,0,117594,117280
115,Duisburg II,NW,bsw,BSW,FALSE,0,3.3,1.5,5,0,0.02319741473354875,0,97166,96809
116,Oberhausen – Wesel III,NW,bsw,BSW,FALSE,0,2.7,1.3,4,0,0.0194874180646595,0,144016,143754
117,Mülheim – Essen I,NW,bsw,BSW,FALSE,0,2.1,1,3.1,0,0.01621340799053315,0,138589,138155
118,Essen II,NW,bsw,BSW,FALSE,0,3,1.4,4.5,0,0.0216695878707774,0,104409,104198
119,Essen III,NW,bsw,BSW,FALSE,0,2.8,1.3,4.2,0,0.0201133740620664,0,152063,151847
120,Recklinghausen I,NW,bsw,BSW,FALSE,0,2.3,1.1,3.5,0,0.0175546849764364,0,120737,120519
121,Recklinghausen II,NW,bsw,BSW,FALSE,0,1.8,0.9,2.7,0,0.0149336687680089,0,136738,136374
122,Gelsenkirchen,NW,bsw,BSW,FALSE,0,2.2,1,3.3,0,0.0173115632076489,0,111284,111084
123,Steinfurt I – Borken I,NW,bsw,BSW,FALSE,0,1.7,0.8,2.6,0,0.0143311591274957,0,155919,155718
124,Bottrop – Recklinghausen III,NW,bsw,BSW,FALSE,0,1.9,0.9,2.8,0,0.0151873353068289,0,147623,147356
125,Borken II,NW,bsw,BSW,FALSE,0,1.4,0.7,2.1,0,0.0121344775416057,0,161276,160899
126,Coesfeld – Steinfurt II,NW,bsw,BSW,FALSE,0,1.5,0.7,2.2,0,0.01277609219512805,0,160182,159946
127,Steinfurt III,NW,bsw,BSW,FALSE,0,1.9,0.9,2.9,0,0.0152816245178992,0,154532,154343
128,Münster,NW,bsw,BSW,FALSE,0,3.8,1.8,5.7,0,0.02493144237066145,0,195456,195295
129,Warendorf,NW,bsw,BSW,FALSE,0,1.6,0.8,2.4,0,0.01374360656534365,0,164622,164365
130,Gütersloh I,NW,bsw,BSW,FALSE,0,1.8,0.9,2.6,0,0.014502545585036,0,178348,178122
131,Bielefeld – Gütersloh II,NW,bsw,BSW,FALSE,0,5,2.4,7.5,0,0.03111917160341655,0,184163,183864
132,Herford – Minden-Lübbecke II,NW,bsw,BSW,FALSE,0,2.3,1.1,3.5,0,0.017857987885671,0,169056,168818
133,Minden-Lübbecke I,NW,bsw,BSW,FALSE,0,2,1,3,0,0.01602208851239015,0,151572,151516
134,Lippe I,NW,bsw,BSW,FALSE,0,2.5,1.2,3.8,0,0.01876854469160945,0,170871,170505
135,Höxter – Gütersloh III – Lippe II,NW,bsw,BSW,FALSE,0,1.7,0.8,2.4,0,0.01413350565039675,0,133088,132930
136,Paderborn,NW,bsw,BSW,FALSE,0,2,1,3,0,0.01654970561978055,0,176982,176837
137,Hagen – Ennepe-Ruhr-Kreis I,NW,bsw,BSW,FALSE,0,2.2,1,3.3,0,0.01691050003829845,0,143609,143100
138,Ennepe-Ruhr-Kreis II,NW,bsw,BSW,FALSE,0,2.5,1.2,3.8,0,0.0185298452468681,0,135700,135454
139,Bochum I,NW,bsw,BSW,FALSE,0,4,1.9,6.1,0,0.0267761804307628,0,153588,152067
140,Herne – Bochum II,NW,bsw,BSW,FALSE,0,2.9,1.4,4.3,0,0.02063755221969615,0,121841,121510
141,Dortmund I,NW,bsw,BSW,FALSE,0,3.7,1.8,5.6,0,0.02442630783733875,0,154874,154716
142,Dortmund II,NW,bsw,BSW,FALSE,0,3.2,1.5,4.9,0,0.0222739687653197,0,142790,142557
143,Unna I,NW,bsw,BSW,FALSE,0,2.3,1.1,3.5,0,0.0175382479446834,0,146936,146761
144,Hamm – Unna II,NW,bsw,BSW,FALSE,0,2.2,1,3.3,0,0.01700432424684045,0,167428,167052
145,Soest,NW,bsw,BSW,FALSE,0,1.9,0.9,2.9,0,0.0155205281478274,0,177829,177449
146,Hochsauerlandkreis,NW,bsw,BSW,FALSE,0,1.5,0.7,2.2,0,0.01282686148661685,0,155494,155417
147,Siegen-Wittgenstein,NW,bsw,BSW,FALSE,0,2.3,1.1,3.5,0,0.0177828296003677,0,160998,160826
148,Olpe – Märkischer Kreis I,NW,bsw,BSW,FALSE,0,1.6,0.8,2.3,0,0.01350287302093435,0,153671,153384
149,Märkischer Kreis II,NW,bsw,BSW,FALSE,0,2.1,1,3.2,0,0.01684337484573095,0,142608,142460
150,Nordsachsen,SN,bsw,BSW,FALSE,0,5.3,2.7,7.7,0,0.03765381251220735,0,117757,117665
151,Leipzig I,SN,bsw,BSW,FALSE,2,10.5,6,14.7,0,0.0627452394257865,0,166419,166127
152,Leipzig II,SN,bsw,BSW,FALSE,14,13.1,8.1,18.1,0,0.073599982206109,1,179837,179459
153,Leipzig-Land,SN,bsw,BSW,FALSE,0,5.6,2.8,8.1,0,0.0385236246237075,0,160447,160241
154,Meißen,SN,bsw,BSW,FALSE,0,4.9,2.5,7.3,0,0.0363327777551933,0,147594,147437
155,Bautzen I,SN,bsw,BSW,FALSE,0,5.3,2.7,7.7,0,0.03906090853534325,0,157088,157135
156,Görlitz,SN,bsw,BSW,FALSE,0,5,2.5,7.3,0,0.03750836131476295,0,150993,150823
157,Sächsische Schweiz-Osterzgebirge,SN,bsw,BSW,FALSE,0,5.2,2.6,7.7,0,0.03829343954151715,0,152154,152039
158,Dresden I,SN,bsw,BSW,FALSE,0,8.5,4.7,12.1,0,0.0526078586292465,0,179726,179543
159,Dresden II – Bautzen II,SN,bsw,BSW,FALSE,0,9,5,12.7,0,0.0556182016435735,0,188005,187760
160,Mittelsachsen,SN,bsw,BSW,FALSE,0,5.6,2.8,8.1,0,0.04002616581730505,0,145992,145728
161,Chemnitz,SN,bsw,BSW,FALSE,0,8.5,4.7,12.2,0,0.0537616690189785,0,139579,139329
162,Chemnitzer Umland – Erzgebirgskreis II,SN,bsw,BSW,FALSE,0,5.9,3,8.6,0,0.0410569045903134,0,135982,135759
163,Erzgebirgskreis I,SN,bsw,BSW,FALSE,0,5.1,2.6,7.5,0,0.0378300498011088,0,159635,159495
164,Zwickau,SN,bsw,BSW,FALSE,0,6.9,3.7,10,0,0.04682024926827255,0,145546,145288
165,Vogtlandkreis,SN,bsw,BSW,FALSE,0,6.5,3.4,9.4,0,0.04428431869431405,0,136143,135751
166,Waldeck,HE,bsw,BSW,FALSE,0,2.1,1,3.1,0,0.01632204523569755,0,136043,135990
167,Kassel,HE,bsw,BSW,FALSE,0,5.4,2.6,8,0,0.0326993266139813,0,160829,160596
168,Werra-Meißner – Hersfeld-Rotenburg,HE,bsw,BSW,FALSE,0,2.3,1.1,3.4,0,0.0175313502704881,0,129026,129040
169,Schwalm-Eder,HE,bsw,BSW,FALSE,0,2,1,3,0,0.0158474107393063,0,139171,139254
170,Marburg,HE,bsw,BSW,FALSE,0,4.4,2.1,6.7,0,0.0288338834667674,0,140269,140078
171,Lahn-Dill,HE,bsw,BSW,FALSE,0,2.1,1,3.2,0,0.01684940554821665,0,151400,151045
172,Gießen,HE,bsw,BSW,FALSE,0,3.7,1.7,5.5,0,0.02513431265732425,0,159702,159775
173,Fulda,HE,bsw,BSW,FALSE,0,1.5,0.7,2.3,0,0.01375043288972445,0,161704,161665
174,Main-Kinzig – Wetterau II – Schotten,HE,bsw,BSW,FALSE,0,1.9,0.9,2.9,0,0.015951183749639,0,135037,134884
175,Hochtaunus,HE,bsw,BSW,FALSE,0,2,0.9,2.9,0,0.0155625797227401,0,142682,142456
176,Wetterau I,HE,bsw,BSW,FALSE,0,2.4,1.1,3.6,0,0.0178679411614708,0,137257,136925
177,Rheingau-Taunus – Limburg,HE,bsw,BSW,FALSE,0,2,1,3,0,0.0158227848101266,0,170482,169980
178,Wiesbaden,HE,bsw,BSW,FALSE,0,4.1,1.9,6.1,0,0.0264262304806252,0,134866,134607
179,Hanau,HE,bsw,BSW,FALSE,0,2.5,1.2,3.8,0,0.01908184987505015,0,129652,129376
180,Main-Taunus,HE,bsw,BSW,FALSE,0,1.9,0.9,2.8,0,0.01506261157786295,0,156281,155936
181,Frankfurt am Main I,HE,bsw,BSW,FALSE,0,6.2,3.2,9.1,0,0.03611499481785995,0,143763,143503
182,Frankfurt am Main II,HE,bsw,BSW,FALSE,0,5.8,2.9,8.6,0,0.03426700681251475,0,173651,173252
183,Groß-Gerau,HE,bsw,BSW,FALSE,0,3,1.4,4.5,0,0.0211390142964635,0,127584,127336
184,Offenbach,HE,bsw,BSW,FALSE,0,3.7,1.7,5.6,0,0.02498812686921585,0,155814,155721
185,Darmstadt,HE,bsw,BSW,FALSE,0,4.6,2.2,6.8,0,0.02877643989135315,0,187028,186454
186,Odenwald,HE,bsw,BSW,FALSE,0,2.3,1.1,3.5,0,0.01787710443413165,0,177126,176810
187,Bergstraße,HE,bsw,BSW,FALSE,0,1.9,0.9,2.8,0,0.01528297775400645,0,151443,151250
188,Eichsfeld – Nordhausen – Kyffhäuserkreis,TH,bsw,BSW,FALSE,0,7.4,4,10.7,0,0.049169148016521,0,156165,155976
189,Eisenach – Wartburgkreis – Unstrut-Hainich-Kreis,TH,bsw,BSW,FALSE,0,7.8,4.3,11.2,0,0.052015470962092,0,150734,150522
190,Jena – Sömmerda – Weimarer Land I,TH,bsw,BSW,FALSE,1,10.2,5.9,14.4,0,0.0639193839095525,0,152575,152251
191,Gotha – Ilm-Kreis,TH,bsw,BSW,FALSE,0,8.3,4.6,11.8,0,0.05493857004721,0,140648,140584
192,Erfurt – Weimar – Weimarer Land II,TH,bsw,BSW,FALSE,3,11.6,6.8,16.2,0,0.069864483205857,0,164998,164662
193,Gera – Greiz – Altenburger Land,TH,bsw,BSW,FALSE,0,8.4,4.7,11.9,0,0.05620833157676,0,166043,165630
194,Saalfeld-Rudolstadt – Saale-Holzland-Kreis – Saale-Orla-Kreis,TH,bsw,BSW,FALSE,0,8.3,4.6,11.8,0,0.0561555797185085,0,164623,164494
195,Suhl – Schmalkalden-Meiningen – Hildburghausen – Sonneberg,TH,bsw,BSW,FALSE,0,8.2,4.6,11.6,0,0.054651884700665,0,169125,168962
196,Neuwied,RP,bsw,BSW,FALSE,0,1.8,0.9,2.7,0,0.0150227684935078,0,180293,179779
197,Ahrweiler,RP,bsw,BSW,FALSE,0,1.6,0.8,2.3,0,0.01309089178513395,0,147087,146605
198,Koblenz,RP,bsw,BSW,FALSE,0,2.1,1,3.2,0,0.016462992536137,0,145903,145312
199,Mosel/Rhein-Hunsrück,RP,bsw,BSW,FALSE,0,3.7,2.5,4.8,0,0.01397622728159565,0,133262,132369
200,Kreuznach,RP,bsw,BSW,FALSE,0,2.1,1,3.1,0,0.01629615536595005,0,136658,136101
201,Bitburg,RP,bsw,BSW,FALSE,0,1.6,0.8,2.3,0,0.01326653339184425,0,123054,122597
202,Trier,RP,bsw,BSW,FALSE,0,2.7,1.3,4.1,0,0.0196112091518976,0,145631,145433
203,Montabaur,RP,bsw,BSW,FALSE,0,1.8,0.9,2.6,0,0.01441205573071275,0,162711,161993
204,Mainz,RP,bsw,BSW,FALSE,0,3.5,1.6,5.3,0,0.023394340447518,0,201288,200001
205,Worms,RP,bsw,BSW,FALSE,0,1.9,0.9,2.8,0,0.0153741612163425,0,164822,164145
206,Ludwigshafen/Frankenthal,RP,bsw,BSW,FALSE,0,1.9,0.9,2.7,0,0.01517375928173405,0,153258,152789
207,Neustadt – Speyer,RP,bsw,BSW,FALSE,0,1.7,0.8,2.5,0,0.0141595385383178,0,172322,171650
208,Kaiserslautern,RP,bsw,BSW,FALSE,0,2.5,1.2,3.8,0,0.01905782735393875,0,167464,166797
209,Pirmasens,RP,bsw,BSW,FALSE,0,1.9,0.9,2.9,0,0.0160912769749776,0,130723,130466
210,Südpfalz,RP,bsw,BSW,FALSE,0,2.1,1,3.1,0,0.01649614559513425,0,169676,169632
211,Altötting,BY,bsw,BSW,FALSE,0,1.1,0.6,1.6,0,0.0107525629077353,0,128760,128561
212,Erding – Ebersberg,BY,bsw,BSW,FALSE,0,1.2,0.6,1.7,0,0.01088286009200315,0,167603,167205
213,Freising,BY,bsw,BSW,FALSE,0,1.3,0.6,1.8,0,0.01153692800811935,0,193119,192765
214,Fürstenfeldbruck,BY,bsw,BSW,FALSE,0,1.2,0.6,1.8,0,0.01092508808873505,0,191852,191290
215,Ingolstadt,BY,bsw,BSW,FALSE,0,1.3,0.6,1.9,0,0.0119278006207817,0,186539,186228
216,München-Nord,BY,bsw,BSW,FALSE,0,2.9,1.3,4.3,0,0.02013699100067465,0,174902,174671
217,München-Ost,BY,bsw,BSW,FALSE,0,2.5,1.2,3.7,0,0.0183162502393013,0,193271,193052
218,München-Süd,BY,bsw,BSW,FALSE,0,3.2,1.5,4.9,0,0.02224562136322235,0,172371,172129
219,München-West/Mitte,BY,bsw,BSW,FALSE,0,3,1.4,4.5,0,0.0207944339025933,0,197625,197317
220,München-Land,BY,bsw,BSW,FALSE,0,1.3,0.6,1.9,0,0.0112003423795378,0,198610,198292
221,Rosenheim,BY,bsw,BSW,FALSE,0,1.3,0.7,2,0,0.01208799282119635,0,190561,190064
222,Bad Tölz-Wolfratshausen – Miesbach,BY,bsw,BSW,FALSE,0,1.1,0.6,1.6,0,0.0107420432045864,0,135356,134341
223,Starnberg – Landsberg am Lech,BY,bsw,BSW,FALSE,0,1.4,0.7,2.1,0,0.01233191319398215,0,180264,179820
224,Traunstein,BY,bsw,BSW,FALSE,0,1.3,0.7,2,0,0.01209071563053865,0,163059,162594
225,Weilheim,BY,bsw,BSW,FALSE,0,1.2,0.6,1.8,0,0.01138815981335665,0,137160,136595
226,Deggendorf,BY,bsw,BSW,FALSE,0,0.9,0.5,1.3,0,0.0090845203878589,0,126644,126502
227,Landshut,BY,bsw,BSW,FALSE,0,1.1,0.6,1.7,0,0.0107462288079028,0,194766,193950
228,Passau,BY,bsw,BSW,FALSE,0,1.2,0.6,1.8,0,0.0113669773321965,0,136052,135480
229,Rottal-Inn,BY,bsw,BSW,FALSE,0,0.9,0.5,1.4,0,0.0093323626975669,0,133246,132447
230,Straubing,BY,bsw,BSW,FALSE,0,0.9,0.5,1.4,0,0.0093313067610384,0,132243,132078
231,Amberg,BY,bsw,BSW,FALSE,0,1.3,0.6,1.9,0,0.0118793441557688,0,172358,171997
232,Regensburg,BY,bsw,BSW,FALSE,0,2.1,1,3.1,0,0.0171515075059922,0,198175,197712
233,Schwandorf,BY,bsw,BSW,FALSE,0,1,0.5,1.4,0,0.0097447529357719,0,174145,173755
234,Weiden,BY,bsw,BSW,FALSE,0,1.1,0.6,1.7,0,0.01077225250464385,0,131356,131424
235,Bamberg,BY,bsw,BSW,FALSE,0,1.9,0.9,2.8,0,0.0157900424129454,0,148068,147795
236,Bayreuth,BY,bsw,BSW,FALSE,0,1.4,0.7,2.1,0,0.0128141289971213,0,128530,128330
237,Coburg,BY,bsw,BSW,FALSE,0,1.4,0.7,2.1,0,0.0126583306268269,0,123160,122943
238,Hof,BY,bsw,BSW,FALSE,0,1.3,0.6,1.9,0,0.01205854253807435,0,124559,124455
239,Kulmbach,BY,bsw,BSW,FALSE,0,1.1,0.6,1.7,0,0.01092251679401055,0,136507,136397
240,Ansbach,BY,bsw,BSW,FALSE,0,1.4,0.7,2.1,0,0.01280511368977365,0,191486,190994
241,Erlangen,BY,bsw,BSW,FALSE,0,4.6,3,6,0,0.01879993277658555,0,154708,154431
242,Fürth,BY,bsw,BSW,FALSE,0,2.2,1,3.3,0,0.01763454400511825,0,196943,196501
243,Nürnberg-Nord,BY,bsw,BSW,FALSE,0,4.6,2.3,7,0,0.0298541035117589,0,144486,144206
244,Nürnberg-Süd,BY,bsw,BSW,FALSE,0,2.4,1.1,3.6,0,0.019007404069519,0,128713,128423
245,Roth,BY,bsw,BSW,FALSE,0,1.5,0.7,2.2,0,0.01311397234144015,0,188730,188283
246,Aschaffenburg,BY,bsw,BSW,FALSE,0,1.6,0.8,2.4,0,0.0139582761460335,0,145720,145538
247,Bad Kissingen,BY,bsw,BSW,FALSE,0,1.5,0.7,2.3,0,0.0139221859565004,0,173105,172540
248,Main-Spessart,BY,bsw,BSW,FALSE,0,1.3,0.6,1.9,0,0.0117306627108177,0,157067,156785
249,Schweinfurt,BY,bsw,BSW,FALSE,0,1.8,0.9,2.8,0,0.0157593123209169,0,156352,155803
250,Würzburg,BY,bsw,BSW,FALSE,0,2.4,1.1,3.7,0,0.01902253359465515,0,184702,183504
251,Augsburg-Stadt,BY,bsw,BSW,FALSE,0,3.4,1.6,5.1,0,0.0238706046586416,0,136821,136685
252,Augsburg-Land,BY,bsw,BSW,FALSE,0,1.1,0.6,1.7,0,0.01070331532676625,0,188820,188324
253,Donau-Ries,BY,bsw,BSW,FALSE,0,0.9,0.5,1.4,0,0.0091352168473728,0,153472,153200
254,Neu-Ulm,BY,bsw,BSW,FALSE,0,1.3,0.7,1.9,0,0.01220816415313225,0,165504,165192
255,Memmingen – Unterallgäu,BY,bsw,BSW,FALSE,0,1.2,0.6,1.7,0,0.0111135036845631,0,125388,125018
256,Oberallgäu,BY,bsw,BSW,FALSE,0,1.6,0.8,2.4,0,0.0139509021196076,0,180741,180138
257,Ostallgäu,BY,bsw,BSW,FALSE,0,1.4,0.7,2,0,0.012506460757749,0,127694,127362
258,Stuttgart I,BW,bsw,BSW,FALSE,0,4.1,2,6.1,0,0.02590889962891645,0,156838,156682
259,Stuttgart II,BW,bsw,BSW,FALSE,0,3.9,1.8,5.8,0,0.02539262675589315,0,132696,132464
260,Böblingen,BW,bsw,BSW,FALSE,0,1.6,0.8,2.4,0,0.01324221849016555,0,194114,193794
261,Esslingen,BW,bsw,BSW,FALSE,0,2,0.9,2.9,0,0.0154933229612343,0,131121,131020
262,Nürtingen,BW,bsw,BSW,FALSE,0,1.6,0.8,2.3,0,0.01323752810354255,0,164570,164475
263,Göppingen,BW,bsw,BSW,FALSE,0,1.4,0.7,2.1,0,0.01241602999486695,0,134423,134007
264,Waiblingen,BW,bsw,BSW,FALSE,0,1.8,0.9,2.6,0,0.0143090947587683,0,174749,174407
265,Ludwigsburg,BW,bsw,BSW,FALSE,0,1.9,0.9,2.9,0,0.01543824118191075,0,170842,170543
266,Neckar-Zaber,BW,bsw,BSW,FALSE,0,1.5,0.8,2.3,0,0.01307998446903515,0,185436,185051
267,Heilbronn,BW,bsw,BSW,FALSE,0,1.7,0.8,2.5,0,0.0141862969815802,0,181055,180941
268,Schwäbisch Hall – Hohenlohe,BW,bsw,BSW,FALSE,0,1.7,0.8,2.6,0,0.0145418443029843,0,171230,171126
269,Backnang – Schwäbisch Gmünd,BW,bsw,BSW,FALSE,0,1.7,0.8,2.5,0,0.01449890713610585,0,135424,135001
270,Aalen – Heidenheim,BW,bsw,BSW,FALSE,0,1.6,0.8,2.3,0,0.0135669227779605,0,167245,166933
271,Karlsruhe-Stadt,BW,bsw,BSW,FALSE,0,4.4,2.1,6.6,0,0.02811293131736375,0,158468,158241
272,Karlsruhe-Land,BW,bsw,BSW,FALSE,0,1.6,0.8,2.4,0,0.01345171724688385,0,166633,166259
273,Rastatt,BW,bsw,BSW,FALSE,0,1.6,0.8,2.4,0,0.0139141742522757,0,153800,153595
274,Heidelberg,BW,bsw,BSW,FALSE,0,3.7,1.7,5.5,0,0.024388588493473,0,176804,176637
275,Mannheim,BW,bsw,BSW,FALSE,0,3.7,1.8,5.6,0,0.02506260330431945,0,140967,140782
276,Odenwald – Tauber,BW,bsw,BSW,FALSE,0,1.4,0.7,2.1,0,0.0127232170673047,0,160494,160252
277,Rhein-Neckar,BW,bsw,BSW,FALSE,0,1.7,0.8,2.5,0,0.0141470507328958,0,152682,152497
278,Bruchsal – Schwetzingen,BW,bsw,BSW,FALSE,0,1.6,0.8,2.3,0,0.013679232769141,0,150776,150203
279,Pforzheim,BW,bsw,BSW,FALSE,0,1.5,0.7,2.3,0,0.013350387720841,0,162617,162541
280,Calw,BW,bsw,BSW,FALSE,0,1.3,0.7,2,0,0.0120590020318231,0,151588,151513
281,Freiburg,BW,bsw,BSW,FALSE,0,5.8,2.9,8.5,0,0.03454937650453375,0,179873,179769
282,Lörrach – Müllheim,BW,bsw,BSW,FALSE,0,2.1,1,3,0,0.0160283712601916,0,172569,172344
283,Emmendingen – Lahr,BW,bsw,BSW,FALSE,0,1.9,0.9,2.9,0,0.015635881180510552,0,166572,166655
284,Offenburg,BW,bsw,BSW,FALSE,0,1.7,0.8,2.5,0,0.0142493556701031,0,155200,155153
285,Rottweil – Tuttlingen,BW,bsw,BSW,FALSE,0,1.2,0.6,1.8,0,0.0112304059859417,0,147813,147838
286,Schwarzwald-Baar,BW,bsw,BSW,FALSE,0,1.5,0.7,2.1,0,0.0125985418278172,0,121522,121492
287,Konstanz,BW,bsw,BSW,FALSE,0,2.5,1.2,3.7,0,0.0185549872122762,0,156400,156286
288,Waldshut,BW,bsw,BSW,FALSE,0,1.7,0.8,2.6,0,0.0144235754173394,0,135022,134877
289,Reutlingen,BW,bsw,BSW,FALSE,0,2.1,1,3.1,0,0.016650827461904,0,152575,152477
290,Tübingen,BW,bsw,BSW,FALSE,0,3.9,1.8,5.8,0,0.02575713007178575,0,159781,159628
291,Ulm,BW,bsw,BSW,FALSE,0,1.9,0.9,2.8,0,0.0152612607498652,0,176165,175998
292,Biberach,BW,bsw,BSW,FALSE,0,1.2,0.6,1.8,0,0.0112190879528095,0,132230,132171
293,Bodensee,BW,bsw,BSW,FALSE,0,1.7,0.8,2.6,0,0.0142676546241085,0,136848,136755
294,Ravensburg,BW,bsw,BSW,FALSE,0,2,1,3,0,0.0162181972626012,0,145978,145940
295,Zollernalb – Sigmaringen,BW,bsw,BSW,FALSE,0,1.5,0.7,2.2,0,0.01296323421707925,0,136540,136396
296,Saarbrücken,SL,bsw,BSW,FALSE,0,8.4,4.6,12.2,0,0.04799464669618575,0,140474,140398
297,Saarlouis,SL,bsw,BSW,FALSE,0,5.4,2.6,8,0,0.03363215787149905,0,156279,156123
298,St. Wendel,SL,bsw,BSW,FALSE,0,4.4,2.1,6.6,0,0.0287779496759881,0,137032,136980
299,Homburg,SL,bsw,BSW,FALSE,0,5.2,2.6,7.7,0,0.0330526225488444,0,139883,139612
